State;FCC-100 - Weight % Zeolite (A/F-3);FCC-100 - Weight % Alumina (A/F-3);FCC-100 - Weight % Rare Earth (A/F-3);FCC-100 - Yield, Std Cut Detailed (H2S-Mass Flow);FCC-100 - Yield, Std Cut Detailed (Coke-Mass Flow);FCC-100 - Yield, Std Cut Grouped (Fuel Gas-Mass Flow);FCC-100 - Yield, Std Cut Grouped (Naphtha C5-430F-Mass Flow);FCC-100 - Yield, Std Cut Grouped (LCO 430-650F-Mass Flow);FCC-100 - Regen Coke on Regen Catalyst (Regenerator);FCC-100 - Regen Coke on Spent Cat (Regenerator)
;;;;kg/h;kg/h;kg/h;kg/h;kg/h;%;%
Case 4;18;25;4.033;2624;1,08E+07;9515;8,29E+07;2,15E+07;0.05117;0.6763
Case 5;18;25;5.361;2624;1,08E+07;9347;8,39E+07;2,15E+07;0.05145;0.675
Case 6;18;25;6.689;2623;1,08E+07;9182;8,49E+07;2,15E+07;0.05143;0.6751
Case 7;18;25;8.017;2623;1,08E+07;9019;8,59E+07;2,16E+07;0.05134;0.6755
Case 8;18;25;9.344;2622;1,08E+07;8856;8,69E+07;2.16e+004;0.05123;0.6761
Case 9;18;25;10.67;2620;1,08E+07;8693;8,79E+07;2,16E+07;0.05109;0.6768
Case 10;18;25;12;2619;1,08E+07;8531;8,89E+07;2,17E+07;0.05095;0.6775
Case 14;18;27.78;4.033;2630;1,08E+07;9512;8,28E+07;2.15e+004;0.05182;0.6735
Case 15;18;27.78;5.361;2630;1,08E+07;9347;8,38E+07;2,15E+07;0.05187;0.6733
Case 16;18;27.78;6.689;2629;1,08E+07;9183;8,48E+07;2,15E+07;0.05182;0.6736
Case 17;18;27.78;8.017;2628;1,08E+07;9019;8,58E+07;2,16E+07;0.05171;0.6741
Case 18;18;27.78;9.344;2627;1,08E+07;8856;8,68E+07;2,16E+07;0.05159;0.6747
Case 19;18;27.78;10.67;2626;1,08E+07;8694;8,78E+07;2,16E+07;0.05145;0.6754
Case 20;18;27.78;12;2625;1,08E+07;8532;8,88E+07;2,17E+07;0.0513;0.6761
Case 23;18;30.56;2.706;2636;1,08E+07;9679;8,16E+07;2,15E+07;0.05203;0.6728
Case 24;18;30.56;4.033;2636;1,08E+07;9512;8,27E+07;2,15E+07;0.05229;0.6716
Case 25;18;30.56;5.361;2635;1,08E+07;9347;8,37E+07;2,15E+07;0.05228;0.6717
Case 26;18;30.56;6.689;2634;1,08E+07;9183;8.47e+004;2,15E+07;0.0522;0.6721
Case 27;18;30.56;8.017;2633;1,08E+07;9020;8,57E+07;2,16E+07;0.05208;0.6727
Case 28;18;30.56;9.344;2632;1,08E+07;8857;8,67E+07;2,16E+07;0.05195;0.6733
Case 29;18;30.56;10.67;2631;1,08E+07;8695;8,77E+07;2,16E+07;0.05181;0.674
Case 30;18;30.56;12;2630;1,08E+07;8533;8,87E+07;2,16E+07;0.05166;0.6747
Case 33;18;33.33;2.706;2642;1,08E+07;9677;8,15E+07;2,15E+07;0.05266;0.6702
Case 34;18;33.33;4.033;2641;1,08E+07;9511;8,26E+07;2,15E+07;0.05272;0.67
Case 35;18;33.33;5.361;2640;1,08E+07;9347;8,36E+07;2,15E+07;0.05267;0.6702
Case 36;18;33.33;6.689;2639;1,08E+07;9183;8,46E+07;2,15E+07;0.05257;0.6707
Case 37;18;33.33;8.017;2638;1,08E+07;9020;8.56e+004;2,16E+07;0.05245;0.6713
Case 38;18;33.33;9.344;2637;1,08E+07;8858;8.66e+004;2,16E+07;0.05232;0.6719
Case 39;18;33.33;10.67;2636;1,08E+07;8696;8.76e+004;2,16E+07;0.05217;0.6726
Case 40;18;33.33;12;2635;1,08E+07;8534;8.86e+004;2,16E+07;0.05202;0.6734
Case 42;18;36.11;1.378;2648;1,08E+07;9843;8.04e+004;2,15E+07;0.05289;0.6695
Case 43;18;36.11;2.706;2647;1,08E+07;9676;8,15E+07;2,15E+07;0.05314;0.6684
Case 44;18;36.11;4.033;2647;1,08E+07;9511;8,25E+07;2,15E+07;0.05313;0.6684
Case 45;18;36.11;5.361;2646;1,08E+07;9347;8,35E+07;2.15e+004;0.05306;0.6688
Case 46;18;36.11;6.689;2645;1,08E+07;9184;8,45E+07;2,15E+07;0.05295;0.6693
Case 47;18;36.11;8.017;2644;1,08E+07;9021;8,55E+07;2,16E+07;0.05282;0.6699
Case 48;18;36.11;9.344;2643;1,08E+07;8859;8,65E+07;2,16E+07;0.05268;0.6706
Case 49;18;36.11;10.67;2642;1,08E+07;8697;8,75E+07;2,16E+07;0.05254;0.6713
Case 50;18;36.11;12;2640;1,08E+07;8535;8,85E+07;2,16E+07;0.05238;0.672
Case 52;18;38.89;1.378;2653;1,08E+07;9841;8,03E+07;2,14E+07;0.05352;0.667
Case 53;18;38.89;2.706;2653;1,08E+07;9675;8,14E+07;2,15E+07;0.05358;0.6667
Case 54;18;38.89;4.033;2652;1,08E+07;9511;8,24E+07;2,15E+07;0.05353;0.6669
Case 55;18;38.89;5.361;2651;1,08E+07;9347;8,34E+07;2,15E+07;0.05344;0.6674
Case 56;18;38.89;6.689;2650;1,08E+07;9184;8,44E+07;2,15E+07;0.05332;0.6679
Case 57;18;38.89;8.017;2649;1,08E+07;9022;8,54E+07;2,16E+07;0.05319;0.6685
Case 58;18;38.89;9.344;2648;1,08E+07;8859;8,64E+07;2,16E+07;0.05305;0.6692
Case 59;18;38.89;10.67;2647;1,08E+07;8698;8,74E+07;2.16e+004;0.0529;0.6699
Case 60;18;38.89;12;2646;1,08E+07;8537;8,84E+07;2,16E+07;0.05275;0.6706
Case 61;18;41.67;0.05;2659;1,08E+07;1,00E+07;7,92E+07;2,14E+07;0.05376;0.6662
Case 62;18;41.67;1.378;2659;1,08E+07;9840;8,02E+07;2,14E+07;0.054;0.6651
Case 63;18;41.67;2.706;2658;1,08E+07;9675;8,12E+07;2,14E+07;0.054;0.6652
Case 64;18;41.67;4.033;2657;1,08E+07;9511;8,23E+07;2,15E+07;0.05393;0.6655
Case 65;18;41.67;5.361;2656;1,08E+07;9347;8,33E+07;2,15E+07;0.05382;0.666
Case 66;18;41.67;6.689;2655;1,08E+07;9184;8,43E+07;2,15E+07;0.0537;0.6666
Case 67;18;41.67;8.017;2654;1,08E+07;9022;8,53E+07;2,15E+07;0.05357;0.6672
Case 68;18;41.67;9.344;2653;1,08E+07;8860;8,63E+07;2,16E+07;0.05342;0.6678
Case 69;18;41.67;10.67;2652;1,08E+07;8699;8,73E+07;2,16E+07;0.05327;0.6685
Case 70;18;41.67;12;2651;1,08E+07;8538;8,83E+07;2,16E+07;0.05312;0.6692
Case 71;18;44.44;0.05;2665;1,08E+07;1,00E+04;7.91e+004;2.14e+004;0.05438;0.6638
Case 72;18;44.44;1.378;2665;1,08E+07;9839;8,01E+07;2,14E+07;0.05445;0.6635
Case 73;18;44.44;2.706;2664;1,08E+07;9674;8,11E+07;2,14E+07;0.0544;0.6637
Case 74;18;44.44;4.033;2663;1,08E+07;9511;8,22E+07;2,15E+07;0.05432;0.6641
Case 75;18;44.44;5.361;2662;1,08E+07;9348;8,32E+07;2,15E+07;0.05421;0.6646
Case 76;18;44.44;6.689;2661;1,08E+07;9185;8,42E+07;2,15E+07;0.05408;0.6652
Case 77;18;44.44;8.017;2660;1,08E+07;9023;8,52E+07;2,15E+07;0.05394;0.6658
Case 78;18;44.44;9.344;2658;1,08E+07;8861;8,62E+07;2,16E+07;0.05379;0.6665
Case 79;18;44.44;10.67;2657;1,08E+07;8700;8,72E+07;2,16E+07;0.05364;0.6672
Case 80;18;44.44;12;2656;1,08E+07;8539;8,82E+07;2,16E+07;0.05349;0.6679
Case 81;18;47.22;0.05;2671;1,08E+07;1,00E+04;7.9e+004;2,14E+07;0.05487;0.662
Case 82;18;47.22;1.378;2670;1,08E+07;9838;8,00E+07;2,14E+07;0.05487;0.662
Case 83;18;47.22;2.706;2669;1,08E+07;9674;8,10E+07;2,14E+07;0.05481;0.6623
Case 84;18;47.22;4.033;2668;1,08E+07;9511;8,20E+07;2,15E+07;0.05471;0.6627
Case 85;18;47.22;5.361;2667;1,08E+07;9348;8,31E+07;2,15E+07;0.05459;0.6633
Case 86;18;47.22;6.689;2666;1,08E+07;9185;8,41E+07;2.15e+004;0.05446;0.6639
Case 87;18;47.22;8.017;2665;1,08E+07;9023;8,51E+07;2,15E+07;0.05432;0.6645
Case 88;18;47.22;9.344;2664;1,08E+07;8862;8,61E+07;2,16E+07;0.05417;0.6651
Case 89;18;47.22;10.67;2662;1,08E+07;8701;8,71E+07;2,16E+07;0.05402;0.6658
Case 90;18;47.22;12;2661;1,08E+07;8540;8,81E+07;2.16e+004;0.05386;0.6665
Case 91;18;50;0.05;2676;1,08E+07;1,00E+04;7.89e+004;2,14E+07;0.05532;0.6604
Case 92;18;50;1.378;2675;1,08E+07;9838;7,99E+07;2.14e+004;0.05529;0.6605
Case 93;18;50;2.706;2674;1,08E+07;9674;8,09E+07;2,14E+07;0.0552;0.6609
Case 94;18;50;4.033;2673;1,08E+07;9511;8,19E+07;2,14E+07;0.0551;0.6614
Case 95;18;50;5.361;2672;1,08E+07;9348;8,29E+07;2,15E+07;0.05497;0.6619
Case 96;18;50;6.689;2671;1,08E+07;9186;8,39E+07;2,15E+07;0.05484;0.6625
Case 97;18;50;8.017;2670;1,08E+07;9024;8,50E+07;2,15E+07;0.0547;0.6631
Case 98;18;50;9.344;2669;1,08E+07;8862;8,60E+07;2,15E+07;0.05455;0.6638
Case 99;18;50;10.67;2668;1,08E+07;8701;8,70E+07;2,16E+07;0.0544;0.6645
Case 100;18;50;12;2667;1,08E+07;8541;8,80E+07;2,16E+07;0.05424;0.6652
Case 103;20.67;25;2.706;2626;1,08E+07;9605;8,22E+07;2,15E+07;0.05175;0.6735
Case 104;20.67;25;4.033;2626;1,08E+07;9437;8.32e+004;2,15E+07;0.05204;0.6721
Case 105;20.67;25;5.361;2625;1,08E+07;9272;8,42E+07;2,15E+07;0.05202;0.6723
Case 106;20.67;25;6.689;2624;1,08E+07;9107;8,52E+07;2,15E+07;0.05193;0.6727
Case 107;20.67;25;8.017;2623;1,08E+07;8944;8,62E+07;2,15E+07;0.05181;0.6733
Case 108;20.67;25;9.344;2622;1,08E+07;8781;8,72E+07;2,16E+07;0.05168;0.6739
Case 109;20.67;25;10.67;2621;1,08E+07;8619;8,82E+07;2,16E+07;0.05153;0.6747
Case 110;20.67;25;12;2620;1,08E+07;8457;8,92E+07;2,16E+07;0.05137;0.6754
Case 113;20.67;27.78;2.706;2632;1,08E+07;9602;8,21E+07;2,14E+07;0.05241;0.6707
Case 114;20.67;27.78;4.033;2631;1,08E+07;9436;8.31e+004;2,15E+07;0.05247;0.6705
Case 115;20.67;27.78;5.361;2631;1,08E+07;9272;8,41E+07;2,15E+07;0.05241;0.6708
Case 116;20.67;27.78;6.689;2630;1,08E+07;9108;8,51E+07;2,15E+07;0.05231;0.6713
Case 117;20.67;27.78;8.017;2629;1,08E+07;8945;8,61E+07;2,15E+07;0.05218;0.6719
Case 118;20.67;27.78;9.344;2627;1,08E+07;8782;8,71E+07;2,16E+07;0.05204;0.6726
Case 119;20.67;27.78;10.67;2626;1,08E+07;8620;8,81E+07;2,16E+07;0.05188;0.6733
Case 120;20.67;27.78;12;2625;1,08E+07;8458;8,91E+07;2,16E+07;0.05172;0.6741
Case 122;20.67;30.56;1.378;2638;1,08E+07;9769;8,09E+07;2,14E+07;0.05262;0.67
Case 123;20.67;30.56;2.706;2638;1,08E+07;9601;8,20E+07;2,14E+07;0.05289;0.6688
Case 124;20.67;30.56;4.033;2637;1,08E+07;9436;8.3e+004;2,15E+07;0.05288;0.6689
Case 125;20.67;30.56;5.361;2636;1,08E+07;9272;8,40E+07;2,15E+07;0.05279;0.6693
Case 126;20.67;30.56;6.689;2635;1,08E+07;9108;8,50E+07;2.15e+004;0.05268;0.6699
Case 127;20.67;30.56;8.017;2634;1,08E+07;8945;8,60E+07;2,15E+07;0.05254;0.6705
Case 128;20.67;30.56;9.344;2633;1,08E+07;8783;8,70E+07;2,16E+07;0.0524;0.6712
Case 129;20.67;30.56;10.67;2632;1,08E+07;8621;8,80E+07;2,16E+07;0.05224;0.6719
Case 130;20.67;30.56;12;2630;1,08E+07;8459;8,90E+07;2,16E+07;0.05208;0.6727
Case 132;20.67;33.33;1.378;2644;1,08E+07;9767;8,09E+07;2,14E+07;0.05326;0.6674
Case 133;20.67;33.33;2.706;2643;1,08E+07;9601;8,19E+07;2,14E+07;0.05333;0.6672
Case 134;20.67;33.33;4.033;2642;1,08E+07;9436;8,29E+07;2,15E+07;0.05327;0.6674
Case 135;20.67;33.33;5.361;2641;1,08E+07;9272;8.39e+004;2,15E+07;0.05317;0.6679
Case 136;20.67;33.33;6.689;2640;1,08E+07;9109;8,49E+07;2.15e+004;0.05305;0.6685
Case 137;20.67;33.33;8.017;2639;1,08E+07;8946;8,59E+07;2,15E+07;0.05291;0.6691
Case 138;20.67;33.33;9.344;2638;1,08E+07;8784;8,69E+07;2,16E+07;0.05276;0.6698
Case 139;20.67;33.33;10.67;2637;1,08E+07;8622;8,79E+07;2,16E+07;0.0526;0.6706
Case 140;20.67;33.33;12;2636;1,08E+07;8461;8,89E+07;2,16E+07;0.05244;0.6713
Case 141;20.67;36.11;0.05;2649;1,08E+07;9934;7,97E+07;2.14e+004;0.05349;0.6667
Case 142;20.67;36.11;1.378;2649;1,08E+07;9766;8,08E+07;2.14e+004;0.05375;0.6656
Case 143;20.67;36.11;2.706;2648;1,08E+07;9600;8,18E+07;2,14E+07;0.05374;0.6656
Case 144;20.67;36.11;4.033;2648;1,08E+07;9436;8,28E+07;2,14E+07;0.05366;0.666
Case 145;20.67;36.11;5.361;2647;1,08E+07;9272;8,38E+07;2,15E+07;0.05355;0.6665
Case 146;20.67;36.11;6.689;2645;1,08E+07;9109;8.48e+004;2,15E+07;0.05342;0.6671
Case 147;20.67;36.11;8.017;2644;1,08E+07;8947;8.58e+004;2,15E+07;0.05328;0.6678
Case 148;20.67;36.11;9.344;2643;1,08E+07;8785;8.68e+004;2,16E+07;0.05313;0.6685
Case 149;20.67;36.11;10.67;2642;1,08E+07;8623;8.78e+004;2,16E+07;0.05297;0.6692
Case 150;20.67;36.11;12;2641;1,08E+07;8462;8.88e+004;2.16e+004;0.05281;0.67
Case 151;20.67;38.89;0.05;2655;1,08E+07;9931;7,96E+07;2,14E+07;0.05413;0.6642
Case 152;20.67;38.89;1.378;2655;1,08E+07;9765;8,07E+07;2,14E+07;0.05419;0.6639
Case 153;20.67;38.89;2.706;2654;1,08E+07;9600;8,17E+07;2,14E+07;0.05414;0.6642
Case 154;20.67;38.89;4.033;2653;1,08E+07;9436;8,27E+07;2,14E+07;0.05405;0.6646
Case 155;20.67;38.89;5.361;2652;1,08E+07;9273;8,37E+07;2,15E+07;0.05393;0.6652
Case 156;20.67;38.89;6.689;2651;1,08E+07;9110;8,47E+07;2,15E+07;0.05379;0.6658
Case 157;20.67;38.89;8.017;2650;1,08E+07;8948;8,57E+07;2,15E+07;0.05365;0.6664
Case 158;20.67;38.89;9.344;2648;1,08E+07;8786;8.67e+004;2,15E+07;0.0535;0.6671
Case 159;20.67;38.89;10.67;2647;1,08E+07;8624;8.77e+004;2,16E+07;0.05334;0.6679
Case 160;20.67;38.89;12;2646;1,08E+07;8463;8,87E+07;2.16e+004;0.05317;0.6686
Case 161;20.67;41.67;0.05;2661;1,08E+07;9930;7,95E+07;2,14E+07;0.05462;0.6624
Case 162;20.67;41.67;1.378;2660;1,08E+07;9764;8,06E+07;2,14E+07;0.05461;0.6624
Case 163;20.67;41.67;2.706;2659;1,08E+07;9600;8,16E+07;2,14E+07;0.05454;0.6628
Case 164;20.67;41.67;4.033;2658;1,08E+07;9436;8,26E+07;2,14E+07;0.05443;0.6632
Case 165;20.67;41.67;5.361;2657;1,08E+07;9273;8,36E+07;2,15E+07;0.05431;0.6638
Case 166;20.67;41.67;6.689;2656;1,08E+07;9110;8,46E+07;2,15E+07;0.05417;0.6644
Case 167;20.67;41.67;8.017;2655;1,08E+07;8948;8,56E+07;2,15E+07;0.05402;0.6651
Case 168;20.67;41.67;9.344;2654;1,08E+07;8786;8,66E+07;2,15E+07;0.05387;0.6658
Case 169;20.67;41.67;10.67;2653;1,08E+07;8625;8,76E+07;2,16E+07;0.05371;0.6665
Case 170;20.67;41.67;12;2651;1,08E+07;8464;8,86E+07;2,16E+07;0.05354;0.6673
Case 171;20.67;44.44;0.05;2666;1,08E+07;9929;7,94E+07;2,14E+07;0.05507;0.6608
Case 172;20.67;44.44;1.378;2665;1,08E+07;9764;8,04E+07;2,14E+07;0.05502;0.661
Case 173;20.67;44.44;2.706;2664;1,08E+07;9600;8,15E+07;2.14e+004;0.05493;0.6614
Case 174;20.67;44.44;4.033;2663;1,08E+07;9436;8,25E+07;2,14E+07;0.05482;0.6619
Case 175;20.67;44.44;5.361;2662;1,08E+07;9273;8,35E+07;2,15E+07;0.05469;0.6625
Case 176;20.67;44.44;6.689;2661;1,08E+07;9111;8,45E+07;2,15E+07;0.05454;0.6631
Case 177;20.67;44.44;8.017;2660;1,08E+07;8949;8,55E+07;2.15e+004;0.0544;0.6638
Case 178;20.67;44.44;9.344;2659;1,08E+07;8787;8,65E+07;2,15E+07;0.05424;0.6645
Case 179;20.67;44.44;10.67;2658;1,08E+07;8626;8,75E+07;2,16E+07;0.05408;0.6652
Case 180;20.67;44.44;12;2657;1,08E+07;8465;8,85E+07;2,16E+07;0.05392;0.6659
Case 181;20.67;47.22;0.05;2672;1,08E+07;9928;7,93E+07;2,14E+07;0.05549;0.6593
Case 182;20.67;47.22;1.378;2671;1,08E+07;9764;8,03E+07;2,14E+07;0.05543;0.6596
Case 183;20.67;47.22;2.706;2670;1,08E+07;9600;8,14E+07;2,14E+07;0.05532;0.66
Case 184;20.67;47.22;4.033;2669;1,08E+07;9437;8,24E+07;2,14E+07;0.0552;0.6606
Case 185;20.67;47.22;5.361;2668;1,08E+07;9274;8,34E+07;2,14E+07;0.05507;0.6611
Case 186;20.67;47.22;6.689;2666;1,08E+07;9112;8,44E+07;2,15E+07;0.05492;0.6618
Case 187;20.67;47.22;8.017;2665;1,08E+07;8950;8,54E+07;2,15E+07;0.05477;0.6624
Case 188;20.67;47.22;9.344;2664;1,08E+07;8788;8,64E+07;2,15E+07;0.05462;0.6631
Case 189;20.67;47.22;10.67;2663;1,08E+07;8627;8,74E+07;2,16E+07;0.05446;0.6638
Case 190;20.67;47.22;12;2662;1,08E+07;8466;8,84E+07;2,16E+07;0.0543;0.6646
Case 191;20.67;50;0.05;2677;1.08e+004;9928;7,92E+07;2,13E+07;0.05591;0.6578
Case 192;20.67;50;1.378;2676;1.08e+004;9763;8,02E+07;2,14E+07;0.05583;0.6582
Case 193;20.67;50;2.706;2675;1,08E+07;9600;8,12E+07;2,14E+07;0.05572;0.6587
Case 194;20.67;50;4.033;2674;1,08E+07;9437;8,23E+07;2,14E+07;0.05559;0.6592
Case 195;20.67;50;5.361;2673;1,08E+07;9274;8,33E+07;2,14E+07;0.05545;0.6598
Case 196;20.67;50;6.689;2672;1,08E+07;9112;8,43E+07;2,15E+07;0.05531;0.6605
Case 197;20.67;50;8.017;2671;1,08E+07;8950;8,53E+07;2,15E+07;0.05515;0.6611
Case 198;20.67;50;9.344;2669;1,08E+07;8789;8,63E+07;2,15E+07;0.055;0.6618
Case 199;20.67;50;10.67;2668;1,08E+07;8628;8,73E+07;2,15E+07;0.05484;0.6625
Case 200;20.67;50;12;2667;1,08E+07;8468;8,83E+07;2,16E+07;0.05468;0.6632
Case 202;23.33;25;1.378;2628;1,08E+07;9695;8,15E+07;2.14e+004;0.05234;0.6706
Case 203;23.33;25;2.706;2628;1,08E+07;9526;8,25E+07;2.14e+004;0.05264;0.6693
Case 204;23.33;25;4.033;2627;1,08E+07;9361;8,35E+07;2,14E+07;0.05262;0.6694
Case 205;23.33;25;5.361;2626;1,08E+07;9196;8,45E+07;2,15E+07;0.05253;0.6698
Case 206;23.33;25;6.689;2625;1,08E+07;9033;8,56E+07;2,15E+07;0.05241;0.6704
Case 207;23.33;25;8.017;2624;1,08E+07;8870;8,66E+07;2,15E+07;0.05227;0.6711
Case 208;23.33;25;9.344;2623;1,08E+07;8707;8,76E+07;2,15E+07;0.05212;0.6718
Case 209;23.33;25;10.67;2622;1,08E+07;8545;8,86E+07;2,16E+07;0.05196;0.6726
Case 210;23.33;25;12;2621;1,08E+07;8383;8,96E+07;2,16E+07;0.05179;0.6734
Case 212;23.33;27.78;1.378;2634;1,08E+07;9692;8,14E+07;2,14E+07;0.05301;0.6679
Case 213;23.33;27.78;2.706;2633;1,08E+07;9526;8,24E+07;2.14e+004;0.05308;0.6676
Case 214;23.33;27.78;4.033;2632;1,08E+07;9361;8,34E+07;2,14E+07;0.05302;0.6679
Case 215;23.33;27.78;5.361;2631;1,08E+07;9197;8,44E+07;2,15E+07;0.05291;0.6684
Case 216;23.33;27.78;6.689;2630;1,08E+07;9033;8,54E+07;2,15E+07;0.05278;0.669
Case 217;23.33;27.78;8.017;2629;1,08E+07;8870;8,64E+07;2.15e+004;0.05263;0.6697
Case 218;23.33;27.78;9.344;2628;1,08E+07;8708;8,74E+07;2,15E+07;0.05248;0.6705
Case 219;23.33;27.78;10.67;2627;1,08E+07;8546;8,85E+07;2,16E+07;0.05231;0.6712
Case 220;23.33;27.78;12;2626;1,08E+07;8384;8,94E+07;2,16E+07;0.05214;0.672
Case 221;23.33;30.56;0.05;2639;1,08E+07;9860;8,02E+07;2,14E+07;0.05322;0.6672
Case 222;23.33;30.56;1.378;2639;1,08E+07;9691;8,13E+07;2,14E+07;0.0535;0.666
Case 223;23.33;30.56;2.706;2639;1,08E+07;9525;8.23e+004;2,14E+07;0.05349;0.6661
Case 224;23.33;30.56;4.033;2638;1,08E+07;9361;8,33E+07;2,14E+07;0.0534;0.6665
Case 225;23.33;30.56;5.361;2637;1,08E+07;9197;8,43E+07;2,14E+07;0.05328;0.667
Case 226;23.33;30.56;6.689;2636;1,08E+07;9034;8,53E+07;2,15E+07;0.05315;0.6677
Case 227;23.33;30.56;8.017;2634;1,08E+07;8871;8,63E+07;2.15e+004;0.053;0.6684
Case 228;23.33;30.56;9.344;2633;1,08E+07;8709;8,73E+07;2,15E+07;0.05284;0.6691
Case 229;23.33;30.56;10.67;2632;1,08E+07;8547;8,83E+07;2,16E+07;0.05267;0.6699
Case 230;23.33;30.56;12;2631;1,08E+07;8385;8,93E+07;2,16E+07;0.0525;0.6707
Case 231;23.33;33.33;0.05;2645;1,08E+07;9857;8,02E+07;2,14E+07;0.05388;0.6646
Case 232;23.33;33.33;1.378;2645;1,08E+07;9690;8,12E+07;2,14E+07;0.05394;0.6644
Case 233;23.33;33.33;2.706;2644;1,08E+07;9525;8.22e+004;2,14E+07;0.05389;0.6646
Case 234;23.33;33.33;4.033;2643;1,08E+07;9361;8,32E+07;2,14E+07;0.05378;0.6651
Case 235;23.33;33.33;5.361;2642;1,08E+07;9198;8,42E+07;2,14E+07;0.05366;0.6657
Case 236;23.33;33.33;6.689;2641;1,08E+07;9035;8,52E+07;2,15E+07;0.05352;0.6663
Case 237;23.33;33.33;8.017;2640;1,08E+07;8872;8,62E+07;2,15E+07;0.05336;0.667
Case 238;23.33;33.33;9.344;2639;1,08E+07;8710;8,72E+07;2,15E+07;0.0532;0.6678
Case 239;23.33;33.33;10.67;2637;1,08E+07;8548;8,82E+07;2,16E+07;0.05304;0.6685
Case 240;23.33;33.33;12;2636;1,08E+07;8387;8,92E+07;2,16E+07;0.05287;0.6693
Case 241;23.33;36.11;0.05;2651;1,08E+07;9856;8,01E+07;2,13E+07;0.05437;0.6628
Case 242;23.33;36.11;1.378;2650;1,08E+07;9690;8,11E+07;2,14E+07;0.05436;0.6628
Case 243;23.33;36.11;2.706;2649;1,08E+07;9525;8,21E+07;2,14E+07;0.05428;0.6632
Case 244;23.33;36.11;4.033;2648;1,08E+07;9361;8.31e+004;2,14E+07;0.05417;0.6637
Case 245;23.33;36.11;5.361;2647;1,08E+07;9198;8,41E+07;2,14E+07;0.05403;0.6643
Case 246;23.33;36.11;6.689;2646;1,08E+07;9035;8,51E+07;2,15E+07;0.05389;0.665
Case 247;23.33;36.11;8.017;2645;1,08E+07;8873;8,61E+07;2,15E+07;0.05373;0.6657
Case 248;23.33;36.11;9.344;2644;1,08E+07;8711;8,71E+07;2,15E+07;0.05357;0.6664
Case 249;23.33;36.11;10.67;2643;1,08E+07;8549;8,81E+07;2,15E+07;0.0534;0.6672
Case 250;23.33;36.11;12;2641;1,08E+07;8388;8,91E+07;2,16E+07;0.05323;0.668
Case 251;23.33;38.89;0.05;2656;1,08E+07;9855;8,00E+07;2,13E+07;0.05482;0.6612
Case 252;23.33;38.89;1.378;2656;1,08E+07;9690;8,10E+07;2,14E+07;0.05477;0.6614
Case 253;23.33;38.89;2.706;2655;1,08E+07;9525;8,20E+07;2,14E+07;0.05467;0.6618
Case 254;23.33;38.89;4.033;2654;1,08E+07;9362;8,30E+07;2.14e+004;0.05455;0.6624
Case 255;23.33;38.89;5.361;2652;1,08E+07;9199;8.4e+004;2,14E+07;0.05441;0.663
Case 256;23.33;38.89;6.689;2651;1,08E+07;9036;8.5e+004;2,15E+07;0.05426;0.6637
Case 257;23.33;38.89;8.017;2650;1,08E+07;8874;8,60E+07;2,15E+07;0.0541;0.6644
Case 258;23.33;38.89;9.344;2649;1,08E+07;8712;8,70E+07;2,15E+07;0.05394;0.6651
Case 259;23.33;38.89;10.67;2648;1,08E+07;8550;8,80E+07;2,15E+07;0.05377;0.6659
Case 260;23.33;38.89;12;2647;1,08E+07;8389;8.9e+004;2,16E+07;0.0536;0.6666
Case 261;23.33;41.67;0.05;2662;1,08E+07;9854;7,99E+07;2,13E+07;0.05524;0.6597
Case 262;23.33;41.67;1.378;2661;1,08E+07;9689;8,09E+07;2,14E+07;0.05517;0.66
Case 263;23.33;41.67;2.706;2660;1,08E+07;9525;8,19E+07;2,14E+07;0.05506;0.6605
Case 264;23.33;41.67;4.033;2659;1,08E+07;9362;8,29E+07;2.14e+004;0.05493;0.6611
Case 265;23.33;41.67;5.361;2658;1,08E+07;9199;8,39E+07;2,14E+07;0.05478;0.6617
Case 266;23.33;41.67;6.689;2657;1,08E+07;9036;8,49E+07;2,15E+07;0.05463;0.6624
Case 267;23.33;41.67;8.017;2655;1,08E+07;8874;8.59e+004;2,15E+07;0.05448;0.6631
Case 268;23.33;41.67;9.344;2654;1,08E+07;8713;8.69e+004;2.15e+004;0.05431;0.6638
Case 269;23.33;41.67;10.67;2653;1,08E+07;8551;8.79e+004;2,15E+07;0.05415;0.6645
Case 270;23.33;41.67;12;2652;1,08E+07;8390;8,89E+07;2,16E+07;0.05398;0.6653
Case 271;23.33;44.44;0.05;2667;1.08e+004;9854;7,98E+07;2,13E+07;0.05565;0.6582
Case 272;23.33;44.44;1.378;2666;1.08e+004;9689;8,08E+07;2,13E+07;0.05556;0.6586
Case 273;23.33;44.44;2.706;2665;1.08e+004;9526;8,18E+07;2,14E+07;0.05544;0.6592
Case 274;23.33;44.44;4.033;2664;1,08E+07;9362;8,28E+07;2,14E+07;0.05531;0.6597
Case 275;23.33;44.44;5.361;2663;1,08E+07;9199;8,38E+07;2,14E+07;0.05516;0.6604
Case 276;23.33;44.44;6.689;2662;1,08E+07;9037;8,48E+07;2,14E+07;0.05501;0.661
Case 277;23.33;44.44;8.017;2661;1,08E+07;8875;8,58E+07;2,15E+07;0.05485;0.6617
Case 278;23.33;44.44;9.344;2659;1,08E+07;8714;8,68E+07;2.15e+004;0.05469;0.6625
Case 279;23.33;44.44;10.67;2658;1,08E+07;8552;8,78E+07;2,15E+07;0.05452;0.6632
Case 280;23.33;44.44;12;2657;1,08E+07;8392;8,88E+07;2,16E+07;0.05435;0.6639
Case 281;23.33;47.22;0.05;2673;1.08e+004;9853;7,96E+07;2,13E+07;0.05606;0.6568
Case 282;23.33;47.22;1.378;2672;1.08e+004;9689;8,07E+07;2,13E+07;0.05596;0.6573
Case 283;23.33;47.22;2.706;2670;1.08e+004;9526;8,17E+07;2,14E+07;0.05583;0.6578
Case 284;23.33;47.22;4.033;2669;1.08e+004;9363;8,27E+07;2,14E+07;0.05569;0.6584
Case 285;23.33;47.22;5.361;2668;1.08e+004;9200;8,37E+07;2,14E+07;0.05554;0.6591
Case 286;23.33;47.22;6.689;2667;1,08E+07;9038;8,47E+07;2,14E+07;0.05539;0.6597
Case 287;23.33;47.22;8.017;2666;1,08E+07;8876;8,57E+07;2,15E+07;0.05523;0.6604
Case 288;23.33;47.22;9.344;2665;1,08E+07;8715;8,67E+07;2,15E+07;0.05507;0.6611
Case 289;23.33;47.22;10.67;2664;1,08E+07;8554;8,77E+07;2,15E+07;0.0549;0.6619
Case 290;23.33;47.22;12;2662;1,08E+07;8393;8,87E+07;2,15E+07;0.05473;0.6626
Case 291;23.33;50;0.05;2678;1.08e+004;9853;7,95E+07;2,13E+07;0.05646;0.6555
Case 292;23.33;50;1.378;2677;1.08e+004;9689;8,05E+07;2,13E+07;0.05635;0.656
Case 293;23.33;50;2.706;2676;1.08e+004;9526;8,16E+07;2,14E+07;0.05622;0.6565
Case 294;23.33;50;4.033;2675;1.08e+004;9363;8,26E+07;2,14E+07;0.05608;0.6571
Case 295;23.33;50;5.361;2673;1.08e+004;9200;8,36E+07;2.14e+004;0.05593;0.6578
Case 296;23.33;50;6.689;2672;1.08e+004;9038;8,46E+07;2,14E+07;0.05577;0.6584
Case 297;23.33;50;8.017;2671;1.08e+004;8877;8,56E+07;2,15E+07;0.05561;0.6591
Case 298;23.33;50;9.344;2670;1,08E+07;8715;8,66E+07;2,15E+07;0.05545;0.6598
Case 299;23.33;50;10.67;2669;1,08E+07;8555;8,76E+07;2,15E+07;0.05528;0.6605
Case 300;23.33;50;12;2668;1,08E+07;8394;8,86E+07;2,15E+07;0.05512;0.6613
Case 301;26;25;0.05;2629;1,08E+07;9785;8,08E+07;2,13E+07;0.05296;0.6677
Case 302;26;25;1.378;2629;1,08E+07;9616;8,18E+07;2,14E+07;0.05326;0.6664
Case 303;26;25;2.706;2629;1,08E+07;9450;8,28E+07;2,14E+07;0.05324;0.6665
Case 304;26;25;4.033;2628;1,08E+07;9285;8,39E+07;2,14E+07;0.05315;0.6669
Case 305;26;25;5.361;2627;1,08E+07;9121;8,49E+07;2,14E+07;0.05302;0.6675
Case 306;26;25;6.689;2626;1,08E+07;8958;8,59E+07;2,15E+07;0.05288;0.6682
Case 307;26;25;8.017;2625;1,08E+07;8795;8,69E+07;2,15E+07;0.05272;0.6689
Case 308;26;25;9.344;2623;1,08E+07;8632;8,79E+07;2,15E+07;0.05256;0.6697
Case 309;26;25;10.67;2622;1,08E+07;8470;8,89E+07;2,15E+07;0.05238;0.6705
Case 310;26;25;12;2621;1,08E+07;8309;8,99E+07;2,16E+07;0.05221;0.6714
Case 311;26;27.78;0.05;2635;1,08E+07;9782;8,07E+07;2,13E+07;0.05363;0.665
Case 312;26;27.78;1.378;2635;1,08E+07;9615;8,17E+07;2,13E+07;0.0537;0.6648
Case 313;26;27.78;2.706;2634;1,08E+07;9450;8,27E+07;2,14E+07;0.05364;0.665
Case 314;26;27.78;4.033;2633;1,08E+07;9286;8,37E+07;2,14E+07;0.05353;0.6656
Case 315;26;27.78;5.361;2632;1,08E+07;9122;8,48E+07;2,14E+07;0.05339;0.6662
Case 316;26;27.78;6.689;2631;1,08E+07;8959;8,58E+07;2,14E+07;0.05324;0.6669
Case 317;26;27.78;8.017;2630;1,08E+07;8796;8,68E+07;2,15E+07;0.05308;0.6676
Case 318;26;27.78;9.344;2629;1,08E+07;8634;8,78E+07;2.15e+004;0.05292;0.6684
Case 319;26;27.78;10.67;2627;1,08E+07;8472;8,88E+07;2,15E+07;0.05274;0.6692
Case 320;26;27.78;12;2626;1,08E+07;8310;8,98E+07;2,16E+07;0.05257;0.67
Case 321;26;30.56;0.05;2641;1,08E+07;9781;8,06E+07;2,13E+07;0.05413;0.6631
Case 322;26;30.56;1.378;2640;1,08E+07;9615;8,16E+07;2,13E+07;0.05411;0.6632
Case 323;26;30.56;2.706;2639;1,08E+07;9450;8,26E+07;2,14E+07;0.05403;0.6636
Case 324;26;30.56;4.033;2638;1,08E+07;9286;8,36E+07;2,14E+07;0.0539;0.6642
Case 325;26;30.56;5.361;2637;1,08E+07;9123;8,46E+07;2,14E+07;0.05376;0.6648
Case 326;26;30.56;6.689;2636;1,08E+07;8959;8,56E+07;2,14E+07;0.05361;0.6655
Case 327;26;30.56;8.017;2635;1,08E+07;8797;8,67E+07;2,15E+07;0.05345;0.6663
Case 328;26;30.56;9.344;2634;1,08E+07;8635;8,77E+07;2.15e+004;0.05328;0.6671
Case 329;26;30.56;10.67;2633;1,08E+07;8473;8,87E+07;2,15E+07;0.0531;0.6679
Case 330;26;30.56;12;2631;1,08E+07;8311;8,96E+07;2,16E+07;0.05293;0.6687
Case 331;26;33.33;0.05;2647;1,08E+07;9780;8,05E+07;2,13E+07;0.05457;0.6615
Case 332;26;33.33;1.378;2646;1,08E+07;9615;8.15e+004;2,13E+07;0.05451;0.6618
Case 333;26;33.33;2.706;2645;1,08E+07;9450;8,25E+07;2,14E+07;0.05441;0.6623
Case 334;26;33.33;4.033;2644;1,08E+07;9286;8,35E+07;2,14E+07;0.05428;0.6629
Case 335;26;33.33;5.361;2643;1,08E+07;9123;8,45E+07;2,14E+07;0.05413;0.6635
Case 336;26;33.33;6.689;2641;1,08E+07;8960;8,55E+07;2,14E+07;0.05398;0.6642
Case 337;26;33.33;8.017;2640;1,08E+07;8798;8,65E+07;2,15E+07;0.05381;0.665
Case 338;26;33.33;9.344;2639;1,08E+07;8636;8,75E+07;2,15E+07;0.05364;0.6657
Case 339;26;33.33;10.67;2638;1,08E+07;8474;8,85E+07;2,15E+07;0.05347;0.6665
Case 340;26;33.33;12;2637;1,08E+07;8313;8,95E+07;2,16E+07;0.05329;0.6673
Case 341;26;36.11;0.05;2652;1.08e+004;9780;8,04E+07;2.13e+004;0.05499;0.66
Case 342;26;36.11;1.378;2651;1.08e+004;9615;8.14e+004;2,13E+07;0.05491;0.6604
Case 343;26;36.11;2.706;2650;1,08E+07;9451;8,24E+07;2,14E+07;0.05479;0.6609
Case 344;26;36.11;4.033;2649;1,08E+07;9287;8,34E+07;2,14E+07;0.05466;0.6615
Case 345;26;36.11;5.361;2648;1,08E+07;9124;8,44E+07;2.14e+004;0.05451;0.6622
Case 346;26;36.11;6.689;2647;1,08E+07;8961;8,54E+07;2,14E+07;0.05435;0.6629
Case 347;26;36.11;8.017;2645;1,08E+07;8799;8,64E+07;2,15E+07;0.05418;0.6637
Case 348;26;36.11;9.344;2644;1,08E+07;8637;8,74E+07;2,15E+07;0.05401;0.6644
Case 349;26;36.11;10.67;2643;1,08E+07;8475;8,84E+07;2,15E+07;0.05384;0.6652
Case 350;26;36.11;12;2642;1,08E+07;8314;8,94E+07;2,15E+07;0.05366;0.666
Case 351;26;38.89;0.05;2657;1.08e+004;9779;8,03E+07;2,13E+07;0.0554;0.6586
Case 352;26;38.89;1.378;2656;1.08e+004;9615;8,13E+07;2,13E+07;0.0553;0.659
Case 353;26;38.89;2.706;2655;1.08e+004;9451;8.23e+004;2,14E+07;0.05518;0.6596
Case 354;26;38.89;4.033;2654;1.08e+004;9287;8,33E+07;2,14E+07;0.05503;0.6602
Case 355;26;38.89;5.361;2653;1,08E+07;9124;8,43E+07;2.14e+004;0.05488;0.6609
Case 356;26;38.89;6.689;2652;1,08E+07;8962;8,53E+07;2,14E+07;0.05472;0.6616
Case 357;26;38.89;8.017;2651;1,08E+07;8800;8,63E+07;2,15E+07;0.05455;0.6623
Case 358;26;38.89;9.344;2650;1,08E+07;8638;8,73E+07;2,15E+07;0.05438;0.6631
Case 359;26;38.89;10.67;2648;1,08E+07;8476;8,83E+07;2,15E+07;0.05421;0.6639
Case 360;26;38.89;12;2647;1,08E+07;8316;8,93E+07;2,15E+07;0.05403;0.6647
Case 361;26;41.67;0.05;2663;1.08e+004;9779;8,02E+07;2,13E+07;0.0558;0.6572
Case 362;26;41.67;1.378;2662;1.08e+004;9615;8,12E+07;2,13E+07;0.05569;0.6577
Case 363;26;41.67;2.706;2661;1.08e+004;9451;8,22E+07;2,13E+07;0.05556;0.6583
Case 364;26;41.67;4.033;2659;1.08e+004;9288;8.32e+004;2,14E+07;0.05541;0.6589
Case 365;26;41.67;5.361;2658;1.08e+004;9125;8.42e+004;2,14E+07;0.05526;0.6596
Case 366;26;41.67;6.689;2657;1,08E+07;8962;8.52e+004;2,14E+07;0.0551;0.6603
Case 367;26;41.67;8.017;2656;1,08E+07;8800;8,62E+07;2,15E+07;0.05493;0.661
Case 368;26;41.67;9.344;2655;1,08E+07;8639;8,72E+07;2,15E+07;0.05476;0.6618
Case 369;26;41.67;10.67;2654;1,08E+07;8478;8.82e+004;2.15e+004;0.05458;0.6626
Case 370;26;41.67;12;2652;1,08E+07;8317;8.92e+004;2,15E+07;0.05441;0.6633
Case 371;26;44.44;0.05;2668;1.08e+004;9779;8,01E+07;2,13E+07;0.0562;0.6559
Case 372;26;44.44;1.378;2667;1.08e+004;9615;8,11E+07;2,13E+07;0.05608;0.6564
Case 373;26;44.44;2.706;2666;1.08e+004;9451;8,21E+07;2,13E+07;0.05594;0.657
Case 374;26;44.44;4.033;2665;1.08e+004;9288;8,31E+07;2,14E+07;0.0558;0.6576
Case 375;26;44.44;5.361;2664;1.08e+004;9125;8,41E+07;2,14E+07;0.05564;0.6583
Case 376;26;44.44;6.689;2662;1.08e+004;8963;8,51E+07;2,14E+07;0.05548;0.659
Case 377;26;44.44;8.017;2661;1.08e+004;8801;8.61e+004;2,14E+07;0.05531;0.6597
Case 378;26;44.44;9.344;2660;1,08E+07;8640;8.71e+004;2,15E+07;0.05514;0.6605
Case 379;26;44.44;10.67;2659;1,08E+07;8479;8,81E+07;2,15E+07;0.05496;0.6612
Case 380;26;44.44;12;2658;1,08E+07;8318;8,91E+07;2,15E+07;0.05479;0.662
Case 381;26;47.22;0.05;2673;1.08e+004;9779;8,00E+07;2,13E+07;0.0566;0.6546
Case 382;26;47.22;1.378;2672;1.08e+004;9615;8,10E+07;2.13e+004;0.05647;0.6551
Case 383;26;47.22;2.706;2671;1.08e+004;9451;8,20E+07;2,13E+07;0.05633;0.6557
Case 384;26;47.22;4.033;2670;1.08e+004;9289;8,30E+07;2,14E+07;0.05618;0.6563
Case 385;26;47.22;5.361;2669;1.08e+004;9126;8,40E+07;2,14E+07;0.05602;0.657
Case 386;26;47.22;6.689;2668;1.08e+004;8964;8,50E+07;2,14E+07;0.05586;0.6577
Case 387;26;47.22;8.017;2666;1.08e+004;8802;8,60E+07;2,14E+07;0.05569;0.6584
Case 388;26;47.22;9.344;2665;1.08e+004;8641;8,70E+07;2,15E+07;0.05552;0.6592
Case 389;26;47.22;10.67;2664;1.08e+004;8480;8,80E+07;2,15E+07;0.05535;0.6599
Case 390;26;47.22;12;2663;1,08E+07;8320;8,90E+07;2,15E+07;0.05517;0.6607
Case 391;26;50;0.05;2679;1.08e+004;9779;7,99E+07;2,13E+07;0.057;0.6533
Case 392;26;50;1.378;2678;1.08e+004;9615;8,09E+07;2.13e+004;0.05686;0.6538
Case 393;26;50;2.706;2676;1.08e+004;9452;8,19E+07;2,13E+07;0.05672;0.6544
Case 394;26;50;4.033;2675;1.08e+004;9289;8,29E+07;2,14E+07;0.05657;0.6551
Case 395;26;50;5.361;2674;1.08e+004;9127;8,39E+07;2,14E+07;0.05641;0.6557
Case 396;26;50;6.689;2673;1.08e+004;8965;8,49E+07;2.14e+004;0.05624;0.6564
Case 397;26;50;8.017;2672;1.08e+004;8803;8,59E+07;2,14E+07;0.05607;0.6571
Case 398;26;50;9.344;2670;1.08e+004;8642;8,69E+07;2,15E+07;0.0559;0.6579
Case 399;26;50;10.67;2669;1.08e+004;8481;8,79E+07;2,15E+07;0.05573;0.6586
Case 400;26;50;12;2668;1.08e+004;8321;8,89E+07;2.15e+004;0.05556;0.6593
Case 401;28.67;25;0.05;2631;1,08E+07;9706;8,11E+07;2,13E+07;0.05389;0.6635
Case 402;28.67;25;1.378;2630;1,08E+07;9540;8,21E+07;2,13E+07;0.05387;0.6636
Case 403;28.67;25;2.706;2629;1,08E+07;9375;8,32E+07;2,13E+07;0.05378;0.6641
Case 404;28.67;25;4.033;2628;1,08E+07;9210;8,42E+07;2,14E+07;0.05365;0.6646
Case 405;28.67;25;5.361;2627;1,08E+07;9047;8,52E+07;2,14E+07;0.0535;0.6653
Case 406;28.67;25;6.689;2626;1,08E+07;8883;8,62E+07;2,14E+07;0.05334;0.6661
Case 407;28.67;25;8.017;2625;1,08E+07;8720;8,72E+07;2,15E+07;0.05317;0.6669
Case 408;28.67;25;9.344;2624;1,08E+07;8558;8,82E+07;2,15E+07;0.05299;0.6677
Case 409;28.67;25;10.67;2623;1,08E+07;8396;8,92E+07;2,15E+07;0.05281;0.6685
Case 410;28.67;25;12;2622;1,08E+07;8234;9,02E+07;2,15E+07;0.05263;0.6694
Case 411;28.67;27.78;0.05;2637;1.08e+004;9705;8,10E+07;2,13E+07;0.05433;0.6619
Case 412;28.67;27.78;1.378;2636;1,08E+07;9540;8,20E+07;2.13e+004;0.05427;0.6622
Case 413;28.67;27.78;2.706;2635;1,08E+07;9375;8,31E+07;2,13E+07;0.05416;0.6627
Case 414;28.67;27.78;4.033;2634;1,08E+07;9211;8,41E+07;2,14E+07;0.05402;0.6633
Case 415;28.67;27.78;5.361;2633;1,08E+07;9047;8,51E+07;2,14E+07;0.05387;0.664
Case 416;28.67;27.78;6.689;2631;1,08E+07;8884;8,61E+07;2,14E+07;0.0537;0.6648
Case 417;28.67;27.78;8.017;2630;1,08E+07;8721;8,71E+07;2,14E+07;0.05353;0.6655
Case 418;28.67;27.78;9.344;2629;1,08E+07;8559;8,81E+07;2,15E+07;0.05335;0.6664
Case 419;28.67;27.78;10.67;2628;1,08E+07;8397;8,91E+07;2.15e+004;0.05317;0.6672
Case 420;28.67;27.78;12;2627;1,08E+07;8236;9,01E+07;2,15E+07;0.05299;0.668
Case 421;28.67;30.56;0.05;2642;1.08e+004;9705;8,09E+07;2,13E+07;0.05475;0.6604
Case 422;28.67;30.56;1.378;2641;1.08e+004;9540;8,19E+07;2.13e+004;0.05466;0.6608
Case 423;28.67;30.56;2.706;2640;1.08e+004;9375;8,29E+07;2,13E+07;0.05454;0.6613
Case 424;28.67;30.56;4.033;2639;1,08E+07;9211;8,40E+07;2,14E+07;0.05439;0.662
Case 425;28.67;30.56;5.361;2638;1,08E+07;9048;8,50E+07;2,14E+07;0.05424;0.6627
Case 426;28.67;30.56;6.689;2637;1,08E+07;8885;8,60E+07;2,14E+07;0.05407;0.6635
Case 427;28.67;30.56;8.017;2636;1,08E+07;8723;8,70E+07;2,14E+07;0.0539;0.6642
Case 428;28.67;30.56;9.344;2634;1,08E+07;8560;8,80E+07;2,15E+07;0.05372;0.665
Case 429;28.67;30.56;10.67;2633;1,08E+07;8399;8,90E+07;2.15e+004;0.05354;0.6659
Case 430;28.67;30.56;12;2632;1,08E+07;8237;9,00E+07;2,15E+07;0.05335;0.6667
Case 431;28.67;33.33;0.05;2647;1.08e+004;9705;8,08E+07;2,13E+07;0.05516;0.659
Case 432;28.67;33.33;1.378;2646;1.08e+004;9540;8,18E+07;2.13e+004;0.05505;0.6594
Case 433;28.67;33.33;2.706;2645;1.08e+004;9376;8,28E+07;2,13E+07;0.05492;0.66
Case 434;28.67;33.33;4.033;2644;1.08e+004;9212;8,38E+07;2,14E+07;0.05477;0.6607
Case 435;28.67;33.33;5.361;2643;1,08E+07;9049;8,48E+07;2,14E+07;0.05461;0.6614
Case 436;28.67;33.33;6.689;2642;1,08E+07;8886;8,59E+07;2,14E+07;0.05444;0.6622
Case 437;28.67;33.33;8.017;2641;1,08E+07;8724;8,69E+07;2,14E+07;0.05426;0.6629
Case 438;28.67;33.33;9.344;2640;1,08E+07;8562;8,79E+07;2,15E+07;0.05409;0.6637
Case 439;28.67;33.33;10.67;2638;1,08E+07;8400;8,89E+07;2,15E+07;0.0539;0.6645
Case 440;28.67;33.33;12;2637;1,08E+07;8239;8,98E+07;2,15E+07;0.05372;0.6654
Case 441;28.67;36.11;0.05;2653;1.08e+004;9704;8.07e+004;2,13E+07;0.05556;0.6576
Case 442;28.67;36.11;1.378;2652;1.08e+004;9540;8,17E+07;2,13E+07;0.05544;0.6581
Case 443;28.67;36.11;2.706;2651;1.08e+004;9376;8,27E+07;2,13E+07;0.0553;0.6587
Case 444;28.67;36.11;4.033;2650;1.08e+004;9212;8,37E+07;2,14E+07;0.05514;0.6594
Case 445;28.67;36.11;5.361;2648;1.08e+004;9049;8,47E+07;2,14E+07;0.05498;0.6601
Case 446;28.67;36.11;6.689;2647;1,08E+07;8887;8,57E+07;2.14e+004;0.05481;0.6609
Case 447;28.67;36.11;8.017;2646;1,08E+07;8725;8,67E+07;2,14E+07;0.05463;0.6616
Case 448;28.67;36.11;9.344;2645;1,08E+07;8563;8,77E+07;2,15E+07;0.05446;0.6624
Case 449;28.67;36.11;10.67;2644;1,08E+07;8401;8,87E+07;2,15E+07;0.05427;0.6632
Case 450;28.67;36.11;12;2642;1,08E+07;8240;8,97E+07;2,15E+07;0.05409;0.664
Case 451;28.67;38.89;0.05;2658;1.08e+004;9704;8.06e+004;2,13E+07;0.05595;0.6563
Case 452;28.67;38.89;1.378;2657;1.08e+004;9540;8,16E+07;2,13E+07;0.05582;0.6568
Case 453;28.67;38.89;2.706;2656;1.08e+004;9376;8,26E+07;2,13E+07;0.05568;0.6574
Case 454;28.67;38.89;4.033;2655;1.08e+004;9213;8,36E+07;2,13E+07;0.05552;0.6581
Case 455;28.67;38.89;5.361;2654;1.08e+004;9050;8,46E+07;2,14E+07;0.05535;0.6588
Case 456;28.67;38.89;6.689;2652;1.08e+004;8888;8,56E+07;2.14e+004;0.05518;0.6596
Case 457;28.67;38.89;8.017;2651;1.08e+004;8726;8,66E+07;2,14E+07;0.05501;0.6603
Case 458;28.67;38.89;9.344;2650;1,08E+07;8564;8,76E+07;2,15E+07;0.05483;0.6611
Case 459;28.67;38.89;10.67;2649;1,08E+07;8403;8,86E+07;2,15E+07;0.05465;0.6619
Case 460;28.67;38.89;12;2648;1,08E+07;8242;8,96E+07;2.15e+004;0.05447;0.6627
Case 461;28.67;41.67;0.05;2663;1.08e+004;9704;8,05E+07;2,13E+07;0.05634;0.6549
Case 462;28.67;41.67;1.378;2662;1.08e+004;9540;8.15e+004;2,13E+07;0.05621;0.6555
Case 463;28.67;41.67;2.706;2661;1.08e+004;9377;8.25e+004;2,13E+07;0.05606;0.6562
Case 464;28.67;41.67;4.033;2660;1.08e+004;9213;8,35E+07;2,13E+07;0.0559;0.6568
Case 465;28.67;41.67;5.361;2659;1.08e+004;9051;8,45E+07;2,14E+07;0.05573;0.6575
Case 466;28.67;41.67;6.689;2658;1.08e+004;8888;8,55E+07;2,14E+07;0.05556;0.6583
Case 467;28.67;41.67;8.017;2656;1.08e+004;8727;8,65E+07;2,14E+07;0.05539;0.659
Case 468;28.67;41.67;9.344;2655;1.08e+004;8565;8,75E+07;2,14E+07;0.05521;0.6598
Case 469;28.67;41.67;10.67;2654;1,08E+07;8404;8,85E+07;2,15E+07;0.05503;0.6606
Case 470;28.67;41.67;12;2653;1,08E+07;8243;8,95E+07;2.15e+004;0.05485;0.6614
Case 471;28.67;44.44;0.05;2669;1.08e+004;9704;8,04E+07;2,13E+07;0.05674;0.6536
Case 472;28.67;44.44;1.378;2668;1.08e+004;9540;8,14E+07;2,13E+07;0.05659;0.6542
Case 473;28.67;44.44;2.706;2666;1.08e+004;9377;8,24E+07;2.13e+004;0.05644;0.6549
Case 474;28.67;44.44;4.033;2665;1.08e+004;9214;8.34e+004;2,13E+07;0.05628;0.6556
Case 475;28.67;44.44;5.361;2664;1.08e+004;9051;8.44e+004;2,14E+07;0.05611;0.6563
Case 476;28.67;44.44;6.689;2663;1.08e+004;8889;8.54e+004;2,14E+07;0.05594;0.657
Case 477;28.67;44.44;8.017;2662;1.08e+004;8728;8,64E+07;2,14E+07;0.05577;0.6577
Case 478;28.67;44.44;9.344;2660;1.08e+004;8566;8,74E+07;2,14E+07;0.05559;0.6585
Case 479;28.67;44.44;10.67;2659;1.08e+004;8405;8.84e+004;2,15E+07;0.05541;0.6593
Case 480;28.67;44.44;12;2658;1.08e+004;8245;8.94e+004;2,15E+07;0.05523;0.6601
Case 481;28.67;47.22;0.05;2674;1.08e+004;9704;8,03E+07;2,12E+07;0.05713;0.6524
Case 482;28.67;47.22;1.378;2673;1.08e+004;9541;8,13E+07;2,13E+07;0.05698;0.653
Case 483;28.67;47.22;2.706;2672;1.08e+004;9377;8,23E+07;2.13e+004;0.05683;0.6536
Case 484;28.67;47.22;4.033;2671;1.08e+004;9214;8,33E+07;2,13E+07;0.05666;0.6543
Case 485;28.67;47.22;5.361;2669;1.08e+004;9052;8,43E+07;2,14E+07;0.0565;0.655
Case 486;28.67;47.22;6.689;2668;1.08e+004;8890;8,53E+07;2,14E+07;0.05632;0.6557
Case 487;28.67;47.22;8.017;2667;1.08e+004;8729;8.63e+004;2.14e+004;0.05615;0.6565
Case 488;28.67;47.22;9.344;2666;1.08e+004;8567;8,73E+07;2,14E+07;0.05597;0.6572
Case 489;28.67;47.22;10.67;2664;1.08e+004;8406;8,83E+07;2,15E+07;0.0558;0.658
Case 490;28.67;47.22;12;2663;1.08e+004;8246;8,93E+07;2,15E+07;0.05562;0.6587
Case 491;28.67;50;0.05;2679;1.08e+004;9704;8,02E+07;2,12E+07;0.05752;0.6511
Case 492;28.67;50;1.378;2678;1.08e+004;9541;8,12E+07;2,13E+07;0.05737;0.6517
Case 493;28.67;50;2.706;2677;1.08e+004;9378;8,22E+07;2,13E+07;0.05722;0.6524
Case 494;28.67;50;4.033;2676;1.08e+004;9215;8,32E+07;2,13E+07;0.05705;0.653
Case 495;28.67;50;5.361;2675;1.08e+004;9053;8,42E+07;2,13E+07;0.05688;0.6537
Case 496;28.67;50;6.689;2673;1.08e+004;8891;8,52E+07;2,14E+07;0.05671;0.6544
Case 497;28.67;50;8.017;2672;1.08e+004;8729;8,62E+07;2,14E+07;0.05654;0.6552
Case 498;28.67;50;9.344;2671;1.08e+004;8568;8,72E+07;2,14E+07;0.05636;0.6559
Case 499;28.67;50;10.67;2670;1.08e+004;8408;8,82E+07;2,14E+07;0.05619;0.6566
Case 500;28.67;50;12;2668;1.08e+004;8247;8,92E+07;2,15E+07;0.05601;0.6574
Case 501;31.33;25;0.05;2632;1.08e+004;9630;8,15E+07;2,13E+07;0.05452;0.6607
Case 502;31.33;25;1.378;2631;1.08e+004;9464;8,25E+07;2,13E+07;0.05442;0.6612
Case 503;31.33;25;2.706;2630;1.08e+004;9299;8,35E+07;2.13e+004;0.05429;0.6618
Case 504;31.33;25;4.033;2629;1,08E+07;9135;8,45E+07;2,13E+07;0.05414;0.6624
Case 505;31.33;25;5.361;2628;1,08E+07;8972;8,55E+07;2,14E+07;0.05397;0.6632
Case 506;31.33;25;6.689;2627;1,08E+07;8809;8,65E+07;2,14E+07;0.0538;0.664
Case 507;31.33;25;8.017;2626;1,08E+07;8646;8,75E+07;2,14E+07;0.05362;0.6648
Case 508;31.33;25;9.344;2624;1,08E+07;8484;8,85E+07;2,15E+07;0.05343;0.6656
Case 509;31.33;25;10.67;2623;1,08E+07;8322;8,95E+07;2,15E+07;0.05324;0.6665
Case 510;31.33;25;12;2622;1,08E+07;8160;9,05E+07;2,15E+07;0.05305;0.6674
Case 511;31.33;27.78;0.05;2638;1.08e+004;9629;8,13E+07;2,12E+07;0.05492;0.6593
Case 512;31.33;27.78;1.378;2637;1.08e+004;9464;8,24E+07;2,13E+07;0.0548;0.6598
Case 513;31.33;27.78;2.706;2636;1.08e+004;9300;8,34E+07;2.13e+004;0.05466;0.6604
Case 514;31.33;27.78;4.033;2634;1.08e+004;9136;8,44E+07;2,13E+07;0.05451;0.6611
Case 515;31.33;27.78;5.361;2633;1,08E+07;8973;8,54E+07;2,14E+07;0.05434;0.6619
Case 516;31.33;27.78;6.689;2632;1,08E+07;8810;8,64E+07;2,14E+07;0.05416;0.6627
Case 517;31.33;27.78;8.017;2631;1,08E+07;8647;8,74E+07;2,14E+07;0.05398;0.6635
Case 518;31.33;27.78;9.344;2630;1,08E+07;8485;8,84E+07;2,14E+07;0.05379;0.6643
Case 519;31.33;27.78;10.67;2628;1,08E+07;8323;8,94E+07;2,15E+07;0.0536;0.6652
Case 520;31.33;27.78;12;2627;1,08E+07;8162;9,04E+07;2.15e+004;0.05341;0.6661
Case 521;31.33;30.56;0.05;2643;1.08e+004;9629;8,12E+07;2,12E+07;0.05531;0.6579
Case 522;31.33;30.56;1.378;2642;1.08e+004;9465;8,23E+07;2,13E+07;0.05519;0.6585
Case 523;31.33;30.56;2.706;2641;1.08e+004;9300;8,33E+07;2.13e+004;0.05504;0.6591
Case 524;31.33;30.56;4.033;2640;1.08e+004;9137;8,43E+07;2,13E+07;0.05488;0.6599
Case 525;31.33;30.56;5.361;2638;1.08e+004;8973;8,53E+07;2,14E+07;0.05471;0.6606
Case 526;31.33;30.56;6.689;2637;1,08E+07;8811;8,63E+07;2,14E+07;0.05453;0.6614
Case 527;31.33;30.56;8.017;2636;1,08E+07;8648;8,73E+07;2,14E+07;0.05435;0.6622
Case 528;31.33;30.56;9.344;2635;1,08E+07;8486;8,83E+07;2,14E+07;0.05416;0.663
Case 529;31.33;30.56;10.67;2634;1,08E+07;8325;8,93E+07;2,15E+07;0.05397;0.6639
Case 530;31.33;30.56;12;2632;1,08E+07;8163;9,03E+07;2.15e+004;0.05378;0.6647
Case 531;31.33;33.33;0.05;2648;1.08e+004;9629;8,11E+07;2,12E+07;0.0557;0.6566
Case 532;31.33;33.33;1.378;2647;1.08e+004;9465;8,21E+07;2,13E+07;0.05557;0.6572
Case 533;31.33;33.33;2.706;2646;1.08e+004;9301;8,32E+07;2,13E+07;0.05541;0.6579
Case 534;31.33;33.33;4.033;2645;1.08e+004;9137;8,42E+07;2,13E+07;0.05525;0.6586
Case 535;31.33;33.33;5.361;2644;1.08e+004;8974;8,52E+07;2,14E+07;0.05508;0.6593
Case 536;31.33;33.33;6.689;2643;1.08e+004;8812;8,62E+07;2,14E+07;0.0549;0.6601
Case 537;31.33;33.33;8.017;2641;1.08e+004;8649;8,72E+07;2.14e+004;0.05471;0.6609
Case 538;31.33;33.33;9.344;2640;1,08E+07;8487;8,82E+07;2,14E+07;0.05453;0.6617
Case 539;31.33;33.33;10.67;2639;1,08E+07;8326;8,92E+07;2,15E+07;0.05434;0.6626
Case 540;31.33;33.33;12;2638;1,08E+07;8165;9,02E+07;2,15E+07;0.05415;0.6634
Case 541;31.33;36.11;0.05;2654;1.08e+004;9629;8,10E+07;2,12E+07;0.05609;0.6553
Case 542;31.33;36.11;1.378;2652;1.08e+004;9465;8,20E+07;2,13E+07;0.05595;0.6559
Case 543;31.33;36.11;2.706;2651;1.08e+004;9301;8,30E+07;2,13E+07;0.05579;0.6566
Case 544;31.33;36.11;4.033;2650;1.08e+004;9138;8,40E+07;2,13E+07;0.05562;0.6573
Case 545;31.33;36.11;5.361;2649;1.08e+004;8975;8,50E+07;2,13E+07;0.05545;0.6581
Case 546;31.33;36.11;6.689;2648;1.08e+004;8813;8,61E+07;2,14E+07;0.05527;0.6588
Case 547;31.33;36.11;8.017;2647;1.08e+004;8650;8,71E+07;2.14e+004;0.05509;0.6596
Case 548;31.33;36.11;9.344;2645;1.08e+004;8489;8,81E+07;2,14E+07;0.0549;0.6604
Case 549;31.33;36.11;10.67;2644;1,08E+07;8327;8,90E+07;2,15E+07;0.05471;0.6613
Case 550;31.33;36.11;12;2643;1,08E+07;8166;9,00E+07;2,15E+07;0.05453;0.6621
Case 551;31.33;38.89;0.05;2659;1.08e+004;9630;8,09E+07;2,12E+07;0.05648;0.654
Case 552;31.33;38.89;1.378;2658;1.08e+004;9465;8,19E+07;2,13E+07;0.05633;0.6546
Case 553;31.33;38.89;2.706;2657;1.08e+004;9302;8,29E+07;2,13E+07;0.05617;0.6553
Case 554;31.33;38.89;4.033;2655;1.08e+004;9139;8,39E+07;2,13E+07;0.056;0.656
Case 555;31.33;38.89;5.361;2654;1.08e+004;8976;8,49E+07;2,13E+07;0.05583;0.6568
Case 556;31.33;38.89;6.689;2653;1.08e+004;8813;8,59E+07;2,14E+07;0.05565;0.6576
Case 557;31.33;38.89;8.017;2652;1.08e+004;8652;8,69E+07;2,14E+07;0.05546;0.6583
Case 558;31.33;38.89;9.344;2651;1.08e+004;8490;8,79E+07;2,14E+07;0.05528;0.6591
Case 559;31.33;38.89;10.67;2649;1.08e+004;8329;8,89E+07;2,15E+07;0.05509;0.66
Case 560;31.33;38.89;12;2648;1.08e+004;8168;8,99E+07;2,15E+07;0.0549;0.6608
Case 561;31.33;41.67;0.05;2664;1.08e+004;9630;8.08e+004;2,12E+07;0.05687;0.6527
Case 562;31.33;41.67;1.378;2663;1.08e+004;9466;8,18E+07;2,13E+07;0.05671;0.6534
Case 563;31.33;41.67;2.706;2662;1.08e+004;9302;8,28E+07;2,13E+07;0.05655;0.6541
Case 564;31.33;41.67;4.033;2661;1.08e+004;9139;8,38E+07;2.13e+004;0.05638;0.6548
Case 565;31.33;41.67;5.361;2659;1.08e+004;8977;8,48E+07;2,13E+07;0.0562;0.6555
Case 566;31.33;41.67;6.689;2658;1.08e+004;8814;8,58E+07;2,14E+07;0.05603;0.6563
Case 567;31.33;41.67;8.017;2657;1.08e+004;8653;8,68E+07;2,14E+07;0.05584;0.6571
Case 568;31.33;41.67;9.344;2656;1.08e+004;8491;8,78E+07;2,14E+07;0.05566;0.6578
Case 569;31.33;41.67;10.67;2655;1.08e+004;8330;8,88E+07;2,14E+07;0.05547;0.6586
Case 570;31.33;41.67;12;2653;1.08e+004;8170;8,98E+07;2,15E+07;0.05529;0.6594
Case 571;31.33;44.44;0.05;2669;1.08e+004;9630;8,07E+07;2,12E+07;0.05726;0.6515
Case 572;31.33;44.44;1.378;2668;1.08e+004;9466;8.17e+004;2,12E+07;0.0571;0.6521
Case 573;31.33;44.44;2.706;2667;1.08e+004;9303;8,27E+07;2,13E+07;0.05694;0.6528
Case 574;31.33;44.44;4.033;2666;1.08e+004;9140;8,37E+07;2.13e+004;0.05676;0.6535
Case 575;31.33;44.44;5.361;2665;1.08e+004;8977;8,47E+07;2,13E+07;0.05659;0.6543
Case 576;31.33;44.44;6.689;2663;1.08e+004;8815;8,57E+07;2,14E+07;0.05641;0.655
Case 577;31.33;44.44;8.017;2662;1.08e+004;8654;8,67E+07;2,14E+07;0.05623;0.6558
Case 578;31.33;44.44;9.344;2661;1.08e+004;8492;8,77E+07;2.14e+004;0.05604;0.6565
Case 579;31.33;44.44;10.67;2660;1.08e+004;8332;8,87E+07;2,14E+07;0.05586;0.6573
Case 580;31.33;44.44;12;2658;1.08e+004;8171;8,97E+07;2,15E+07;0.05568;0.6581
Case 581;31.33;47.22;0.05;2675;1.08e+004;9630;8,06E+07;2,12E+07;0.05765;0.6502
Case 582;31.33;47.22;1.378;2674;1.08e+004;9466;8,16E+07;2,12E+07;0.05749;0.6509
Case 583;31.33;47.22;2.706;2672;1.08e+004;9303;8.26e+004;2,13E+07;0.05732;0.6516
Case 584;31.33;47.22;4.033;2671;1.08e+004;9140;8.36e+004;2,13E+07;0.05715;0.6523
Case 585;31.33;47.22;5.361;2670;1.08e+004;8978;8.46e+004;2,13E+07;0.05697;0.653
Case 586;31.33;47.22;6.689;2669;1.08e+004;8816;8.56e+004;2,13E+07;0.05679;0.6537
Case 587;31.33;47.22;8.017;2667;1.08e+004;8655;8.66e+004;2,14E+07;0.05661;0.6545
Case 588;31.33;47.22;9.344;2666;1.08e+004;8494;8.76e+004;2.14e+004;0.05643;0.6553
Case 589;31.33;47.22;10.67;2665;1.08e+004;8333;8.86e+004;2,14E+07;0.05625;0.656
Case 590;31.33;47.22;12;2664;1.08e+004;8173;8.96e+004;2,15E+07;0.05607;0.6568
Case 591;31.33;50;0.05;2680;1.08e+004;9630;8,05E+07;2,12E+07;0.05804;0.649
Case 592;31.33;50;1.378;2679;1.08e+004;9467;8,15E+07;2,12E+07;0.05788;0.6497
Case 593;31.33;50;2.706;2678;1.08e+004;9304;8,25E+07;2,13E+07;0.05771;0.6503
Case 594;31.33;50;4.033;2676;1.08e+004;9141;8,35E+07;2,13E+07;0.05754;0.651
Case 595;31.33;50;5.361;2675;1.08e+004;8979;8,45E+07;2,13E+07;0.05736;0.6517
Case 596;31.33;50;6.689;2674;1.08e+004;8817;8,55E+07;2,13E+07;0.05719;0.6525
Case 597;31.33;50;8.017;2673;1.08e+004;8656;8,65E+07;2,14E+07;0.05701;0.6532
Case 598;31.33;50;9.344;2671;1.08e+004;8495;8,75E+07;2,14E+07;0.05683;0.654
Case 599;31.33;50;10.67;2670;1.08e+004;8334;8,85E+07;2,14E+07;0.05664;0.6547
Case 600;31.33;50;12;2669;1.08e+004;8174;8,95E+07;2,14E+07;0.05647;0.6555
Case 601;34;25;0.05;2633;1.08e+004;9554;8,18E+07;2,12E+07;0.05507;0.6583
Case 602;34;25;1.378;2632;1.08e+004;9389;8,28E+07;2,12E+07;0.05494;0.6589
Case 603;34;25;2.706;2631;1.08e+004;9224;8,38E+07;2,13E+07;0.05478;0.6595
Case 604;34;25;4.033;2630;1.08e+004;9060;8,48E+07;2.13e+004;0.05462;0.6603
Case 605;34;25;5.361;2629;1.08e+004;8897;8.58e+004;2,13E+07;0.05444;0.6611
Case 606;34;25;6.689;2627;1.08e+004;8734;8.68e+004;2,14E+07;0.05425;0.6619
Case 607;34;25;8.017;2626;1,08E+07;8571;8.78e+004;2,14E+07;0.05406;0.6628
Case 608;34;25;9.344;2625;1,08E+07;8409;8.88e+004;2,14E+07;0.05387;0.6636
Case 609;34;25;10.67;2624;1,08E+07;8247;8.98e+004;2,15E+07;0.05367;0.6645
Case 610;34;25;12;2622;1,08E+07;8086;9.08e+004;2,15E+07;0.05347;0.6654
Case 611;34;27.78;0.05;2638;1.08e+004;9554;8,17E+07;2,12E+07;0.05546;0.6569
Case 612;34;27.78;1.378;2637;1.08e+004;9389;8,27E+07;2,12E+07;0.05532;0.6576
Case 613;34;27.78;2.706;2636;1.08e+004;9225;8,37E+07;2,13E+07;0.05516;0.6583
Case 614;34;27.78;4.033;2635;1.08e+004;9061;8,47E+07;2.13e+004;0.05498;0.659
Case 615;34;27.78;5.361;2634;1.08e+004;8898;8,57E+07;2,13E+07;0.0548;0.6598
Case 616;34;27.78;6.689;2633;1.08e+004;8735;8,67E+07;2,14E+07;0.05462;0.6606
Case 617;34;27.78;8.017;2631;1.08e+004;8573;8,77E+07;2,14E+07;0.05443;0.6615
Case 618;34;27.78;9.344;2630;1,08E+07;8411;8,87E+07;2,14E+07;0.05423;0.6623
Case 619;34;27.78;10.67;2629;1,08E+07;8249;8,97E+07;2,14E+07;0.05404;0.6632
Case 620;34;27.78;12;2628;1,08E+07;8088;9,07E+07;2,15E+07;0.05384;0.6641
Case 621;34;30.56;0.05;2644;1.08e+004;9554;8,16E+07;2,12E+07;0.05585;0.6556
Case 622;34;30.56;1.378;2643;1.08e+004;9390;8,26E+07;2,12E+07;0.05569;0.6563
Case 623;34;30.56;2.706;2641;1.08e+004;9226;8,36E+07;2,13E+07;0.05553;0.657
Case 624;34;30.56;4.033;2640;1.08e+004;9062;8,46E+07;2,13E+07;0.05535;0.6578
Case 625;34;30.56;5.361;2639;1.08e+004;8899;8,56E+07;2,13E+07;0.05517;0.6585
Case 626;34;30.56;6.689;2638;1.08e+004;8736;8,66E+07;2,14E+07;0.05499;0.6594
Case 627;34;30.56;8.017;2637;1.08e+004;8574;8,76E+07;2,14E+07;0.0548;0.6602
Case 628;34;30.56;9.344;2635;1.08e+004;8412;8,86E+07;2,14E+07;0.0546;0.6611
Case 629;34;30.56;10.67;2634;1,08E+07;8250;8,96E+07;2,14E+07;0.05441;0.6619
Case 630;34;30.56;12;2633;1,08E+07;8089;9,06E+07;2,15E+07;0.05421;0.6628
Case 631;34;33.33;0.05;2649;1.08e+004;9554;8,14E+07;2,12E+07;0.05623;0.6544
Case 632;34;33.33;1.378;2648;1.08e+004;9390;8,25E+07;2,12E+07;0.05607;0.655
Case 633;34;33.33;2.706;2647;1.08e+004;9226;8,35E+07;2,13E+07;0.0559;0.6557
Case 634;34;33.33;4.033;2645;1.08e+004;9063;8,45E+07;2,13E+07;0.05573;0.6565
Case 635;34;33.33;5.361;2644;1.08e+004;8900;8,55E+07;2,13E+07;0.05554;0.6573
Case 636;34;33.33;6.689;2643;1.08e+004;8737;8,65E+07;2,14E+07;0.05536;0.6581
Case 637;34;33.33;8.017;2642;1.08e+004;8575;8,75E+07;2,14E+07;0.05517;0.6589
Case 638;34;33.33;9.344;2641;1.08e+004;8413;8,85E+07;2.14e+004;0.05497;0.6598
Case 639;34;33.33;10.67;2639;1.08e+004;8252;8,95E+07;2,14E+07;0.05478;0.6606
Case 640;34;33.33;12;2638;1,08E+07;8091;9,05E+07;2,15E+07;0.05458;0.6615
Case 641;34;36.11;0.05;2654;1.08e+004;9554;8,13E+07;2.12e+004;0.05661;0.6531
Case 642;34;36.11;1.378;2653;1.08e+004;9390;8,23E+07;2,12E+07;0.05645;0.6538
Case 643;34;36.11;2.706;2652;1.08e+004;9227;8,34E+07;2,13E+07;0.05628;0.6545
Case 644;34;36.11;4.033;2651;1.08e+004;9063;8,44E+07;2,13E+07;0.0561;0.6552
Case 645;34;36.11;5.361;2650;1.08e+004;8901;8,54E+07;2,13E+07;0.05592;0.656
Case 646;34;36.11;6.689;2648;1.08e+004;8738;8,64E+07;2,13E+07;0.05573;0.6568
Case 647;34;36.11;8.017;2647;1.08e+004;8576;8,74E+07;2,14E+07;0.05554;0.6576
Case 648;34;36.11;9.344;2646;1.08e+004;8415;8,84E+07;2.14e+004;0.05535;0.6585
Case 649;34;36.11;10.67;2645;1.08e+004;8253;8,94E+07;2,14E+07;0.05516;0.6593
Case 650;34;36.11;12;2643;1.08e+004;8093;9,04E+07;2,15E+07;0.05496;0.6601
Case 651;34;38.89;0.05;2660;1.08e+004;9555;8,12E+07;2.12e+004;0.057;0.6518
Case 652;34;38.89;1.378;2658;1.08e+004;9391;8,22E+07;2,12E+07;0.05683;0.6525
Case 653;34;38.89;2.706;2657;1.08e+004;9227;8,32E+07;2,13E+07;0.05666;0.6532
Case 654;34;38.89;4.033;2656;1.08e+004;9064;8,42E+07;2,13E+07;0.05648;0.654
Case 655;34;38.89;5.361;2655;1.08e+004;8902;8,52E+07;2,13E+07;0.0563;0.6548
Case 656;34;38.89;6.689;2653;1.08e+004;8739;8,63E+07;2,13E+07;0.05611;0.6556
Case 657;34;38.89;8.017;2652;1.08e+004;8577;8,73E+07;2,14E+07;0.05592;0.6564
Case 658;34;38.89;9.344;2651;1.08e+004;8416;8,82E+07;2,14E+07;0.05573;0.6572
Case 659;34;38.89;10.67;2650;1.08e+004;8255;8,92E+07;2,14E+07;0.05554;0.658
Case 660;34;38.89;12;2648;1.08e+004;8094;9,02E+07;2,14E+07;0.05535;0.6588
Case 661;34;41.67;0.05;2665;1.08e+004;9555;8,11E+07;2,12E+07;0.05739;0.6506
Case 662;34;41.67;1.378;2664;1.08e+004;9391;8,21E+07;2,12E+07;0.05722;0.6513
Case 663;34;41.67;2.706;2662;1.08e+004;9228;8,31E+07;2,13E+07;0.05704;0.652
Case 664;34;41.67;4.033;2661;1.08e+004;9065;8,41E+07;2,13E+07;0.05686;0.6528
Case 665;34;41.67;5.361;2660;1.08e+004;8902;8,51E+07;2.13e+004;0.05668;0.6535
Case 666;34;41.67;6.689;2659;1.08e+004;8740;8,61E+07;2,13E+07;0.05649;0.6543
Case 667;34;41.67;8.017;2657;1.08e+004;8579;8,71E+07;2,14E+07;0.0563;0.6551
Case 668;34;41.67;9.344;2656;1.08e+004;8417;8,81E+07;2,14E+07;0.05611;0.6559
Case 669;34;41.67;10.67;2655;1.08e+004;8256;8,91E+07;2,14E+07;0.05592;0.6567
Case 670;34;41.67;12;2654;1.08e+004;8096;9,01E+07;2,14E+07;0.05573;0.6575
Case 671;34;44.44;0.05;2670;1.08e+004;9555;8.1e+004;2,12E+07;0.05777;0.6494
Case 672;34;44.44;1.378;2669;1.08e+004;9392;8,20E+07;2,12E+07;0.0576;0.6501
Case 673;34;44.44;2.706;2668;1.08e+004;9228;8,30E+07;2,12E+07;0.05743;0.6508
Case 674;34;44.44;4.033;2666;1.08e+004;9066;8,40E+07;2,13E+07;0.05725;0.6515
Case 675;34;44.44;5.361;2665;1.08e+004;8903;8,50E+07;2,13E+07;0.05706;0.6523
Case 676;34;44.44;6.689;2664;1.08e+004;8741;8,60E+07;2,13E+07;0.05688;0.653
Case 677;34;44.44;8.017;2663;1.08e+004;8580;8,70E+07;2,14E+07;0.05669;0.6538
Case 678;34;44.44;9.344;2661;1.08e+004;8419;8,80E+07;2,14E+07;0.0565;0.6546
Case 679;34;44.44;10.67;2660;1.08e+004;8258;8,90E+07;2.14e+004;0.05631;0.6554
Case 680;34;44.44;12;2659;1.08e+004;8097;9,00E+07;2,14E+07;0.05613;0.6562
Case 681;34;47.22;0.05;2675;1.08e+004;9555;8,09E+07;2,12E+07;0.05816;0.6481
Case 682;34;47.22;1.378;2674;1.08e+004;9392;8.19e+004;2,12E+07;0.05799;0.6488
Case 683;34;47.22;2.706;2673;1.08e+004;9229;8,29E+07;2,12E+07;0.05782;0.6495
Case 684;34;47.22;4.033;2672;1.08e+004;9066;8,39E+07;2,13E+07;0.05764;0.6503
Case 685;34;47.22;5.361;2670;1.08e+004;8904;8,49E+07;2,13E+07;0.05745;0.651
Case 686;34;47.22;6.689;2669;1.08e+004;8742;8,59E+07;2,13E+07;0.05727;0.6518
Case 687;34;47.22;8.017;2668;1.08e+004;8581;8,69E+07;2,13E+07;0.05708;0.6525
Case 688;34;47.22;9.344;2667;1.08e+004;8420;8,79E+07;2,14E+07;0.0569;0.6533
Case 689;34;47.22;10.67;2665;1.08e+004;8259;8,89E+07;2,14E+07;0.05671;0.6541
Case 690;34;47.22;12;2664;1.08e+004;8099;8,99E+07;2,14E+07;0.05652;0.6548
Case 691;34;50;0.05;2681;1.08e+004;9556;8,08E+07;2,12E+07;0.05856;0.6469
Case 692;34;50;1.378;2679;1.08e+004;9392;8,18E+07;2.12e+004;0.05839;0.6476
Case 693;34;50;2.706;2678;1.08e+004;9230;8.28e+004;2,12E+07;0.05821;0.6483
Case 694;34;50;4.033;2677;1.08e+004;9067;8.38e+004;2,13E+07;0.05803;0.649
Case 695;34;50;5.361;2676;1.08e+004;8905;8.48e+004;2,13E+07;0.05785;0.6498
Case 696;34;50;6.689;2674;1.08e+004;8743;8.58e+004;2.13e+004;0.05766;0.6505
Case 697;34;50;8.017;2673;1.08e+004;8582;8.68e+004;2,13E+07;0.05748;0.6513
Case 698;34;50;9.344;2672;1.08e+004;8421;8.78e+004;2,14E+07;0.05729;0.652
Case 699;34;50;10.67;2671;1.08e+004;8261;8.88e+004;2,14E+07;0.05711;0.6528
Case 700;34;50;12;2669;1.08e+004;8100;8.98e+004;2.14e+004;0.05693;0.6535
Case 701;36.67;25;0.05;2634;1.08e+004;9478;8,21E+07;2,12E+07;0.05561;0.656
Case 702;36.67;25;1.378;2633;1.08e+004;9314;8,31E+07;2,12E+07;0.05545;0.6566
Case 703;36.67;25;2.706;2631;1.08e+004;9149;8.41e+004;2,12E+07;0.05527;0.6574
Case 704;36.67;25;4.033;2630;1.08e+004;8986;8,51E+07;2,13E+07;0.05509;0.6582
Case 705;36.67;25;5.361;2629;1.08e+004;8822;8,61E+07;2.13e+004;0.0549;0.659
Case 706;36.67;25;6.689;2628;1.08e+004;8659;8,71E+07;2,13E+07;0.05471;0.6599
Case 707;36.67;25;8.017;2627;1.08e+004;8497;8,81E+07;2,14E+07;0.05451;0.6608
Case 708;36.67;25;9.344;2625;1.08e+004;8335;8,91E+07;2,14E+07;0.05431;0.6617
Case 709;36.67;25;10.67;2624;1,08E+07;8173;9,01E+07;2,14E+07;0.05411;0.6626
Case 710;36.67;25;12;2623;1,08E+07;8012;9.11e+004;2,15E+07;0.0539;0.6635
Case 711;36.67;27.78;0.05;2639;1.08e+004;9479;8,20E+07;2,12E+07;0.05599;0.6547
Case 712;36.67;27.78;1.378;2638;1.08e+004;9314;8,30E+07;2,12E+07;0.05582;0.6554
Case 713;36.67;27.78;2.706;2637;1.08e+004;9150;8,40E+07;2,12E+07;0.05564;0.6561
Case 714;36.67;27.78;4.033;2636;1.08e+004;8986;8.5e+004;2,13E+07;0.05546;0.6569
Case 715;36.67;27.78;5.361;2634;1.08e+004;8823;8.6e+004;2.13e+004;0.05527;0.6578
Case 716;36.67;27.78;6.689;2633;1.08e+004;8661;8.7e+004;2,13E+07;0.05507;0.6586
Case 717;36.67;27.78;8.017;2632;1.08e+004;8498;8.8e+004;2,14E+07;0.05488;0.6595
Case 718;36.67;27.78;9.344;2631;1.08e+004;8336;8.9e+004;2,14E+07;0.05468;0.6604
Case 719;36.67;27.78;10.67;2629;1.08e+004;8175;9,00E+04;2,14E+07;0.05447;0.6613
Case 720;36.67;27.78;12;2628;1,08E+07;8013;9,10E+07;2,14E+07;0.05427;0.6622
Case 721;36.67;30.56;0.05;2644;1.08e+004;9479;8,19E+07;2,12E+07;0.05637;0.6534
Case 722;36.67;30.56;1.378;2643;1.08e+004;9315;8,29E+07;2,12E+07;0.0562;0.6541
Case 723;36.67;30.56;2.706;2642;1.08e+004;9151;8,39E+07;2,12E+07;0.05602;0.6549
Case 724;36.67;30.56;4.033;2641;1.08e+004;8987;8,49E+07;2,13E+07;0.05583;0.6557
Case 725;36.67;30.56;5.361;2640;1.08e+004;8824;8,59E+07;2,13E+07;0.05564;0.6565
Case 726;36.67;30.56;6.689;2638;1.08e+004;8662;8,69E+07;2,13E+07;0.05544;0.6574
Case 727;36.67;30.56;8.017;2637;1.08e+004;8499;8,79E+07;2,14E+07;0.05525;0.6582
Case 728;36.67;30.56;9.344;2636;1.08e+004;8338;8,89E+07;2,14E+07;0.05505;0.6591
Case 729;36.67;30.56;10.67;2635;1.08e+004;8176;8,99E+07;2,14E+07;0.05485;0.66
Case 730;36.67;30.56;12;2633;1.08e+004;8015;9,09E+07;2,14E+07;0.05465;0.6608
Case 731;36.67;33.33;0.05;2650;1.08e+004;9479;8,18E+07;2,12E+07;0.05675;0.6522
Case 732;36.67;33.33;1.378;2648;1.08e+004;9315;8,28E+07;2.12e+004;0.05657;0.6529
Case 733;36.67;33.33;2.706;2647;1.08e+004;9151;8,38E+07;2,12E+07;0.05639;0.6537
Case 734;36.67;33.33;4.033;2646;1.08e+004;8988;8,48E+07;2,13E+07;0.05621;0.6545
Case 735;36.67;33.33;5.361;2645;1.08e+004;8825;8,58E+07;2,13E+07;0.05601;0.6553
Case 736;36.67;33.33;6.689;2644;1.08e+004;8663;8,68E+07;2,13E+07;0.05582;0.6561
Case 737;36.67;33.33;8.017;2642;1.08e+004;8501;8,78E+07;2,14E+07;0.05562;0.6569
Case 738;36.67;33.33;9.344;2641;1.08e+004;8339;8,88E+07;2,14E+07;0.05542;0.6578
Case 739;36.67;33.33;10.67;2640;1.08e+004;8178;8,98E+07;2.14e+004;0.05522;0.6587
Case 740;36.67;33.33;12;2639;1.08e+004;8017;9,08E+07;2,14E+07;0.05502;0.6595
Case 741;36.67;36.11;0.05;2655;1.08e+004;9480;8,17E+07;2,12E+07;0.05713;0.6509
Case 742;36.67;36.11;1.378;2654;1.08e+004;9316;8,27E+07;2.12e+004;0.05695;0.6517
Case 743;36.67;36.11;2.706;2652;1.08e+004;9152;8,37E+07;2,12E+07;0.05677;0.6524
Case 744;36.67;36.11;4.033;2651;1.08e+004;8989;8,47E+07;2,13E+07;0.05658;0.6532
Case 745;36.67;36.11;5.361;2650;1.08e+004;8826;8,57E+07;2,13E+07;0.05639;0.654
Case 746;36.67;36.11;6.689;2649;1.08e+004;8664;8,67E+07;2,13E+07;0.0562;0.6548
Case 747;36.67;36.11;8.017;2648;1.08e+004;8502;8,77E+07;2,13E+07;0.056;0.6557
Case 748;36.67;36.11;9.344;2646;1.08e+004;8341;8,87E+07;2,14E+07;0.0558;0.6565
Case 749;36.67;36.11;10.67;2645;1.08e+004;8179;8,97E+07;2,14E+07;0.0556;0.6574
Case 750;36.67;36.11;12;2644;1.08e+004;8019;9,07E+07;2,14E+07;0.05541;0.6582
Case 751;36.67;38.89;0.05;2660;1.08e+004;9480;8,15E+07;2,12E+07;0.05751;0.6497
Case 752;36.67;38.89;1.378;2659;1.08e+004;9316;8,25E+07;2,12E+07;0.05734;0.6504
Case 753;36.67;38.89;2.706;2658;1.08e+004;9153;8,36E+07;2,12E+07;0.05715;0.6512
Case 754;36.67;38.89;4.033;2656;1.08e+004;8990;8,46E+07;2,13E+07;0.05696;0.652
Case 755;36.67;38.89;5.361;2655;1.08e+004;8827;8,56E+07;2,13E+07;0.05677;0.6528
Case 756;36.67;38.89;6.689;2654;1.08e+004;8665;8,66E+07;2.13e+004;0.05658;0.6536
Case 757;36.67;38.89;8.017;2653;1.08e+004;8503;8,76E+07;2,13E+07;0.05638;0.6544
Case 758;36.67;38.89;9.344;2651;1.08e+004;8342;8,86E+07;2,14E+07;0.05619;0.6552
Case 759;36.67;38.89;10.67;2650;1.08e+004;8181;8,96E+07;2,14E+07;0.05599;0.6561
Case 760;36.67;38.89;12;2649;1.08e+004;8020;9,06E+07;2,14E+07;0.05579;0.6569
Case 761;36.67;41.67;0.05;2665;1.08e+004;9480;8,14E+07;2,12E+07;0.0579;0.6485
Case 762;36.67;41.67;1.378;2664;1.08e+004;9317;8,24E+07;2,12E+07;0.05772;0.6492
Case 763;36.67;41.67;2.706;2663;1.08e+004;9153;8,34E+07;2,12E+07;0.05754;0.65
Case 764;36.67;41.67;4.033;2662;1.08e+004;8991;8,44E+07;2,12E+07;0.05735;0.6507
Case 765;36.67;41.67;5.361;2660;1.08e+004;8828;8,54E+07;2,13E+07;0.05716;0.6515
Case 766;36.67;41.67;6.689;2659;1.08e+004;8666;8,64E+07;2.13e+004;0.05696;0.6523
Case 767;36.67;41.67;8.017;2658;1.08e+004;8505;8,74E+07;2,13E+07;0.05677;0.6531
Case 768;36.67;41.67;9.344;2657;1.08e+004;8343;8,84E+07;2,14E+07;0.05657;0.6539
Case 769;36.67;41.67;10.67;2655;1.08e+004;8182;8,94E+07;2,14E+07;0.05638;0.6547
Case 770;36.67;41.67;12;2654;1.08e+004;8022;9,04E+07;2.14e+004;0.05619;0.6556
Case 771;36.67;44.44;0.05;2671;1.08e+004;9481;8,13E+07;2,12E+07;0.05829;0.6473
Case 772;36.67;44.44;1.378;2669;1.08e+004;9317;8,23E+07;2,12E+07;0.05811;0.648
Case 773;36.67;44.44;2.706;2668;1.08e+004;9154;8,33E+07;2,12E+07;0.05792;0.6488
Case 774;36.67;44.44;4.033;2667;1.08e+004;8992;8,43E+07;2,12E+07;0.05773;0.6495
Case 775;36.67;44.44;5.361;2666;1.08e+004;8829;8,53E+07;2,13E+07;0.05754;0.6503
Case 776;36.67;44.44;6.689;2664;1.08e+004;8667;8,63E+07;2,13E+07;0.05735;0.6511
Case 777;36.67;44.44;8.017;2663;1.08e+004;8506;8,73E+07;2,13E+07;0.05716;0.6519
Case 778;36.67;44.44;9.344;2662;1.08e+004;8345;8,83E+07;2,13E+07;0.05697;0.6526
Case 779;36.67;44.44;10.67;2661;1.08e+004;8184;8,93E+07;2,14E+07;0.05678;0.6534
Case 780;36.67;44.44;12;2659;1.08e+004;8024;9,03E+07;2,14E+07;0.05659;0.6542
Case 781;36.67;47.22;0.05;2676;1,08E+07;9481;8,12E+07;2,12E+07;0.05868;0.6461
Case 782;36.67;47.22;1.378;2675;1.08e+004;9318;8,22E+07;2,12E+07;0.0585;0.6468
Case 783;36.67;47.22;2.706;2673;1.08e+004;9155;8,32E+07;2.12e+004;0.05831;0.6475
Case 784;36.67;47.22;4.033;2672;1.08e+004;8992;8,42E+07;2,12E+07;0.05813;0.6483
Case 785;36.67;47.22;5.361;2671;1.08e+004;8830;8,52E+07;2,13E+07;0.05794;0.649
Case 786;36.67;47.22;6.689;2670;1.08e+004;8668;8,62E+07;2,13E+07;0.05775;0.6498
Case 787;36.67;47.22;8.017;2668;1.08e+004;8507;8,72E+07;2,13E+07;0.05755;0.6506
Case 788;36.67;47.22;9.344;2667;1.08e+004;8346;8,82E+07;2,13E+07;0.05736;0.6514
Case 789;36.67;47.22;10.67;2666;1.08e+004;8186;8,92E+07;2,14E+07;0.05718;0.6521
Case 790;36.67;47.22;12;2665;1.08e+004;8025;9,02E+07;2,14E+07;0.05699;0.6529
Case 791;36.67;50;0.05;2681;1,08E+07;9481;8,11E+07;2,11E+07;0.05907;0.6449
Case 792;36.67;50;1.378;2680;1,08E+07;9318;8.21e+004;2,12E+07;0.05889;0.6456
Case 793;36.67;50;2.706;2679;1,08E+07;9155;8.31e+004;2.12e+004;0.05871;0.6463
Case 794;36.67;50;4.033;2677;1.08e+004;8993;8,41E+07;2,12E+07;0.05852;0.6471
Case 795;36.67;50;5.361;2676;1.08e+004;8831;8,51E+07;2,13E+07;0.05833;0.6478
Case 796;36.67;50;6.689;2675;1.08e+004;8670;8,61E+07;2,13E+07;0.05814;0.6486
Case 797;36.67;50;8.017;2674;1.08e+004;8508;8,71E+07;2.13e+004;0.05795;0.6493
Case 798;36.67;50;9.344;2672;1.08e+004;8347;8,81E+07;2,13E+07;0.05777;0.6501
Case 799;36.67;50;10.67;2671;1.08e+004;8187;8,91E+07;2,14E+07;0.05758;0.6508
Case 800;36.67;50;12;2670;1.08e+004;8027;9.01e+004;2,14E+07;0.0574;0.6516
Case 801;39.33;25;0.05;2634;1.08e+004;9403;8.24e+004;2,12E+07;0.05612;0.6537
Case 802;39.33;25;1.378;2633;1.08e+004;9238;8,34E+07;2,12E+07;0.05595;0.6545
Case 803;39.33;25;2.706;2632;1.08e+004;9074;8,44E+07;2,12E+07;0.05576;0.6553
Case 804;39.33;25;4.033;2631;1.08e+004;8911;8,54E+07;2,12E+07;0.05557;0.6561
Case 805;39.33;25;5.361;2630;1.08e+004;8747;8,64E+07;2,13E+07;0.05537;0.657
Case 806;39.33;25;6.689;2628;1.08e+004;8585;8,74E+07;2.13e+004;0.05516;0.6579
Case 807;39.33;25;8.017;2627;1.08e+004;8422;8,84E+07;2,13E+07;0.05496;0.6588
Case 808;39.33;25;9.344;2626;1.08e+004;8260;8,94E+07;2,14E+07;0.05475;0.6597
Case 809;39.33;25;10.67;2625;1.08e+004;8099;9,04E+07;2,14E+07;0.05454;0.6606
Case 810;39.33;25;12;2623;1.08e+004;7937;9,14E+07;2,14E+07;0.05433;0.6615
Case 811;39.33;27.78;0.05;2640;1.08e+004;9403;8,23E+07;2,12E+07;0.0565;0.6525
Case 812;39.33;27.78;1.378;2639;1.08e+004;9239;8.33e+004;2,12E+07;0.05632;0.6533
Case 813;39.33;27.78;2.706;2637;1.08e+004;9075;8.43e+004;2,12E+07;0.05613;0.6541
Case 814;39.33;27.78;4.033;2636;1.08e+004;8912;8,53E+07;2,12E+07;0.05594;0.6549
Case 815;39.33;27.78;5.361;2635;1.08e+004;8749;8,63E+07;2,13E+07;0.05574;0.6557
Case 816;39.33;27.78;6.689;2634;1.08e+004;8586;8,73E+07;2.13e+004;0.05553;0.6566
Case 817;39.33;27.78;8.017;2632;1.08e+004;8424;8,83E+07;2,13E+07;0.05533;0.6575
Case 818;39.33;27.78;9.344;2631;1.08e+004;8262;8,93E+07;2,14E+07;0.05512;0.6584
Case 819;39.33;27.78;10.67;2630;1.08e+004;8100;9,03E+07;2,14E+07;0.05491;0.6593
Case 820;39.33;27.78;12;2629;1.08e+004;7939;9.13e+004;2,14E+07;0.05471;0.6602
Case 821;39.33;30.56;0.05;2645;1.08e+004;9404;8,22E+07;2,12E+07;0.05688;0.6513
Case 822;39.33;30.56;1.378;2644;1.08e+004;9240;8,32E+07;2,12E+07;0.05669;0.652
Case 823;39.33;30.56;2.706;2643;1.08e+004;9076;8,42E+07;2,12E+07;0.0565;0.6528
Case 824;39.33;30.56;4.033;2641;1.08e+004;8913;8.52e+004;2,12E+07;0.05631;0.6537
Case 825;39.33;30.56;5.361;2640;1.08e+004;8750;8.62e+004;2,13E+07;0.05611;0.6545
Case 826;39.33;30.56;6.689;2639;1.08e+004;8587;8.72e+004;2,13E+07;0.05591;0.6554
Case 827;39.33;30.56;8.017;2638;1.08e+004;8425;8.82e+004;2,13E+07;0.0557;0.6562
Case 828;39.33;30.56;9.344;2636;1.08e+004;8263;8.92e+004;2,14E+07;0.0555;0.6571
Case 829;39.33;30.56;10.67;2635;1.08e+004;8102;9,02E+07;2,14E+07;0.05529;0.658
Case 830;39.33;30.56;12;2634;1.08e+004;7941;9,12E+07;2,14E+07;0.05509;0.6589
Case 831;39.33;33.33;0.05;2650;1.08e+004;9404;8,21E+07;2,11E+07;0.05726;0.6501
Case 832;39.33;33.33;1.378;2649;1.08e+004;9240;8,31E+07;2,12E+07;0.05707;0.6508
Case 833;39.33;33.33;2.706;2648;1.08e+004;9077;8,41E+07;2.12e+004;0.05688;0.6516
Case 834;39.33;33.33;4.033;2647;1.08e+004;8914;8,51E+07;2,12E+07;0.05668;0.6524
Case 835;39.33;33.33;5.361;2645;1.08e+004;8751;8,61E+07;2,13E+07;0.05648;0.6533
Case 836;39.33;33.33;6.689;2644;1.08e+004;8588;8,71E+07;2,13E+07;0.05628;0.6541
Case 837;39.33;33.33;8.017;2643;1.08e+004;8426;8,81E+07;2,13E+07;0.05608;0.655
Case 838;39.33;33.33;9.344;2641;1.08e+004;8265;8,91E+07;2,13E+07;0.05588;0.6558
Case 839;39.33;33.33;10.67;2640;1.08e+004;8104;9,01E+07;2,14E+07;0.05567;0.6567
Case 840;39.33;33.33;12;2639;1.08e+004;7943;9,11E+07;2.14e+004;0.05547;0.6576
Case 841;39.33;36.11;0.05;2655;1.08e+004;9405;8,20E+07;2,11E+07;0.05764;0.6488
Case 842;39.33;36.11;1.378;2654;1.08e+004;9241;8,30E+07;2,12E+07;0.05745;0.6496
Case 843;39.33;36.11;2.706;2653;1.08e+004;9078;8,40E+07;2.12e+004;0.05726;0.6504
Case 844;39.33;36.11;4.033;2652;1.08e+004;8915;8,50E+07;2,12E+07;0.05706;0.6512
Case 845;39.33;36.11;5.361;2651;1.08e+004;8752;8,60E+07;2,13E+07;0.05686;0.652
Case 846;39.33;36.11;6.689;2649;1.08e+004;8590;8,70E+07;2,13E+07;0.05666;0.6529
Case 847;39.33;36.11;8.017;2648;1.08e+004;8428;8,80E+07;2,13E+07;0.05646;0.6537
Case 848;39.33;36.11;9.344;2647;1.08e+004;8266;8,90E+07;2,13E+07;0.05626;0.6546
Case 849;39.33;36.11;10.67;2645;1.08e+004;8105;9,00E+07;2,14E+07;0.05606;0.6554
Case 850;39.33;36.11;12;2644;1.08e+004;7945;9,10E+07;2,14E+07;0.05586;0.6563
Case 851;39.33;38.89;0.05;2661;1,08E+07;9405;8,19E+07;2,11E+07;0.05802;0.6476
Case 852;39.33;38.89;1.378;2660;1.08e+004;9242;8,29E+07;2,12E+07;0.05784;0.6484
Case 853;39.33;38.89;2.706;2658;1.08e+004;9078;8,39E+07;2,12E+07;0.05764;0.6492
Case 854;39.33;38.89;4.033;2657;1.08e+004;8915;8,49E+07;2,12E+07;0.05745;0.65
Case 855;39.33;38.89;5.361;2656;1.08e+004;8753;8,59E+07;2,13E+07;0.05725;0.6508
Case 856;39.33;38.89;6.689;2654;1.08e+004;8591;8,69E+07;2,13E+07;0.05705;0.6516
Case 857;39.33;38.89;8.017;2653;1.08e+004;8429;8,79E+07;2.13e+004;0.05685;0.6524
Case 858;39.33;38.89;9.344;2652;1.08e+004;8268;8,89E+07;2,13E+07;0.05665;0.6533
Case 859;39.33;38.89;10.67;2651;1.08e+004;8107;8,99E+07;2,14E+07;0.05645;0.6541
Case 860;39.33;38.89;12;2649;1.08e+004;7946;9,09E+07;2,14E+07;0.05625;0.6549
Case 861;39.33;41.67;0.05;2666;1,08E+07;9406;8,17E+07;2,11E+07;0.05841;0.6464
Case 862;39.33;41.67;1.378;2665;1,08E+07;9242;8,27E+07;2,12E+07;0.05822;0.6472
Case 863;39.33;41.67;2.706;2663;1.08e+004;9079;8,38E+07;2,12E+07;0.05803;0.648
Case 864;39.33;41.67;4.033;2662;1.08e+004;8916;8,48E+07;2,12E+07;0.05783;0.6488
Case 865;39.33;41.67;5.361;2661;1.08e+004;8754;8,58E+07;2,12E+07;0.05764;0.6496
Case 866;39.33;41.67;6.689;2660;1.08e+004;8592;8,68E+07;2,13E+07;0.05744;0.6504
Case 867;39.33;41.67;8.017;2658;1.08e+004;8431;8,78E+07;2,13E+07;0.05724;0.6512
Case 868;39.33;41.67;9.344;2657;1.08e+004;8269;8,88E+07;2,13E+07;0.05704;0.652
Case 869;39.33;41.67;10.67;2656;1.08e+004;8109;8,98E+07;2,14E+07;0.05684;0.6528
Case 870;39.33;41.67;12;2655;1.08e+004;7948;9,08E+07;2,14E+07;0.05665;0.6536
Case 871;39.33;44.44;0.05;2671;1,08E+07;9406;8,16E+07;2,11E+07;0.0588;0.6453
Case 872;39.33;44.44;1.378;2670;1,08E+07;9243;8,26E+07;2,12E+07;0.05861;0.646
Case 873;39.33;44.44;2.706;2669;1,08E+07;9080;8,36E+07;2,12E+07;0.05842;0.6468
Case 874;39.33;44.44;4.033;2667;1.08e+004;8917;8,46E+07;2,12E+07;0.05822;0.6475
Case 875;39.33;44.44;5.361;2666;1.08e+004;8755;8,56E+07;2,12E+07;0.05803;0.6483
Case 876;39.33;44.44;6.689;2665;1.08e+004;8593;8,66E+07;2,13E+07;0.05783;0.6491
Case 877;39.33;44.44;8.017;2664;1.08e+004;8432;8,76E+07;2,13E+07;0.05763;0.6499
Case 878;39.33;44.44;9.344;2662;1.08e+004;8271;8,86E+07;2,13E+07;0.05744;0.6507
Case 879;39.33;44.44;10.67;2661;1.08e+004;8110;8,96E+07;2,13E+07;0.05724;0.6515
Case 880;39.33;44.44;12;2660;1.08e+004;7950;9,06E+07;2,14E+07;0.05705;0.6523
Case 881;39.33;47.22;0.05;2676;1,08E+07;9407;8,15E+07;2,11E+07;0.05919;0.6441
Case 882;39.33;47.22;1.378;2675;1,08E+07;9243;8,25E+07;2,12E+07;0.05901;0.6448
Case 883;39.33;47.22;2.706;2674;1,08E+07;9081;8,35E+07;2,12E+07;0.05881;0.6456
Case 884;39.33;47.22;4.033;2673;1,08E+07;8918;8,45E+07;2.12e+004;0.05862;0.6463
Case 885;39.33;47.22;5.361;2671;1,08E+07;8756;8,55E+07;2,12E+07;0.05842;0.6471
Case 886;39.33;47.22;6.689;2670;1.08e+004;8595;8,65E+07;2,13E+07;0.05823;0.6479
Case 887;39.33;47.22;8.017;2669;1.08e+004;8433;8,75E+07;2,13E+07;0.05803;0.6486
Case 888;39.33;47.22;9.344;2668;1.08e+004;8272;8,85E+07;2.13e+004;0.05784;0.6494
Case 889;39.33;47.22;10.67;2666;1.08e+004;8112;8,95E+07;2,13E+07;0.05765;0.6502
Case 890;39.33;47.22;12;2665;1.08e+004;7952;9,05E+07;2,14E+07;0.05746;0.6509
Case 891;39.33;50;0.05;2682;1,08E+07;9407;8.14e+004;2,11E+07;0.05959;0.6429
Case 892;39.33;50;1.378;2680;1,08E+07;9244;8,24E+07;2,11E+07;0.0594;0.6436
Case 893;39.33;50;2.706;2679;1,08E+07;9081;8,34E+07;2,12E+07;0.05921;0.6443
Case 894;39.33;50;4.033;2678;1,08E+07;8919;8,44E+07;2,12E+07;0.05902;0.6451
Case 895;39.33;50;5.361;2677;1,08E+07;8757;8,54E+07;2,12E+07;0.05882;0.6458
Case 896;39.33;50;6.689;2675;1,08E+07;8596;8,64E+07;2,12E+07;0.05863;0.6466
Case 897;39.33;50;8.017;2674;1,08E+07;8435;8,74E+07;2,13E+07;0.05844;0.6474
Case 898;39.33;50;9.344;2673;1.08e+004;8274;8,84E+07;2,13E+07;0.05825;0.6481
Case 899;39.33;50;10.67;2671;1.08e+004;8113;8,94E+07;2,13E+07;0.05806;0.6489
Case 900;39.33;50;12;2670;1.08e+004;7953;9,04E+07;2,13E+07;0.05788;0.6496
Case 901;42;25;0.05;2635;1.08e+004;9328;8,27E+07;2,11E+07;0.05663;0.6516
Case 902;42;25;1.378;2634;1.08e+004;9163;8,37E+07;2,12E+07;0.05644;0.6524
Case 903;42;25;2.706;2633;1.08e+004;8999;8,47E+07;2,12E+07;0.05624;0.6532
Case 904;42;25;4.033;2631;1.08e+004;8836;8,57E+07;2,12E+07;0.05604;0.6541
Case 905;42;25;5.361;2630;1.08e+004;8673;8,67E+07;2,13E+07;0.05583;0.655
Case 906;42;25;6.689;2629;1.08e+004;8510;8,77E+07;2,13E+07;0.05562;0.6559
Case 907;42;25;8.017;2628;1.08e+004;8348;8,87E+07;2,13E+07;0.05541;0.6568
Case 908;42;25;9.344;2626;1.08e+004;8186;8,97E+07;2,13E+07;0.0552;0.6577
Case 909;42;25;10.67;2625;1.08e+004;8024;9,07E+07;2,14E+07;0.05498;0.6586
Case 910;42;25;12;2624;1.08e+004;7863;9,17E+07;2,14E+07;0.05477;0.6596
Case 911;42;27.78;0.05;2640;1.08e+004;9328;8.26e+004;2,11E+07;0.05701;0.6504
Case 912;42;27.78;1.378;2639;1.08e+004;9164;8,36E+07;2,12E+07;0.05682;0.6512
Case 913;42;27.78;2.706;2638;1.08e+004;9000;8,46E+07;2,12E+07;0.05662;0.652
Case 914;42;27.78;4.033;2637;1.08e+004;8837;8,56E+07;2,12E+07;0.05641;0.6529
Case 915;42;27.78;5.361;2635;1.08e+004;8674;8,66E+07;2,12E+07;0.0562;0.6537
Case 916;42;27.78;6.689;2634;1.08e+004;8511;8,76E+07;2,13E+07;0.05599;0.6546
Case 917;42;27.78;8.017;2633;1.08e+004;8349;8,86E+07;2.13e+004;0.05578;0.6555
Case 918;42;27.78;9.344;2632;1.08e+004;8187;8,96E+07;2,13E+07;0.05557;0.6564
Case 919;42;27.78;10.67;2630;1.08e+004;8026;9,06E+07;2,14E+07;0.05536;0.6573
Case 920;42;27.78;12;2629;1.08e+004;7865;9,16E+07;2,14E+07;0.05515;0.6583
Case 921;42;30.56;0.05;2646;1,08E+07;9329;8,25E+07;2,11E+07;0.05739;0.6492
Case 922;42;30.56;1.378;2644;1.08e+004;9165;8.35e+004;2,12E+07;0.05719;0.65
Case 923;42;30.56;2.706;2643;1.08e+004;9001;8.45e+004;2,12E+07;0.05699;0.6508
Case 924;42;30.56;4.033;2642;1.08e+004;8838;8,55E+07;2,12E+07;0.05679;0.6516
Case 925;42;30.56;5.361;2641;1.08e+004;8675;8,65E+07;2,12E+07;0.05658;0.6525
Case 926;42;30.56;6.689;2639;1.08e+004;8513;8,75E+07;2,13E+07;0.05637;0.6534
Case 927;42;30.56;8.017;2638;1.08e+004;8351;8,85E+07;2,13E+07;0.05616;0.6543
Case 928;42;30.56;9.344;2637;1.08e+004;8189;8,95E+07;2,13E+07;0.05595;0.6552
Case 929;42;30.56;10.67;2635;1.08e+004;8028;9.05e+004;2,14E+07;0.05574;0.656
Case 930;42;30.56;12;2634;1.08e+004;7867;9.15e+004;2,14E+07;0.05553;0.6569
Case 931;42;33.33;0.05;2651;1,08E+07;9329;8,24E+07;2,11E+07;0.05777;0.648
Case 932;42;33.33;1.378;2650;1,08E+07;9166;8,34E+07;2,11E+07;0.05757;0.6488
Case 933;42;33.33;2.706;2648;1.08e+004;9002;8,44E+07;2,12E+07;0.05737;0.6496
Case 934;42;33.33;4.033;2647;1.08e+004;8839;8,54E+07;2.12e+004;0.05716;0.6504
Case 935;42;33.33;5.361;2646;1.08e+004;8676;8.64e+004;2,12E+07;0.05696;0.6513
Case 936;42;33.33;6.689;2645;1.08e+004;8514;8.74e+004;2,13E+07;0.05675;0.6521
Case 937;42;33.33;8.017;2643;1.08e+004;8352;8.84e+004;2,13E+07;0.05654;0.653
Case 938;42;33.33;9.344;2642;1.08e+004;8191;8,94E+07;2,13E+07;0.05633;0.6539
Case 939;42;33.33;10.67;2641;1.08e+004;8029;9,04E+07;2,13E+07;0.05613;0.6548
Case 940;42;33.33;12;2639;1.08e+004;7869;9,14E+07;2,14E+07;0.05592;0.6556
Case 941;42;36.11;0.05;2656;1,08E+07;9330;8,23E+07;2,11E+07;0.05815;0.6468
Case 942;42;36.11;1.378;2655;1,08E+07;9166;8,33E+07;2,11E+07;0.05795;0.6476
Case 943;42;36.11;2.706;2654;1,08E+07;9003;8,43E+07;2,12E+07;0.05775;0.6484
Case 944;42;36.11;4.033;2652;1.08e+004;8840;8,53E+07;2.12e+004;0.05755;0.6492
Case 945;42;36.11;5.361;2651;1.08e+004;8678;8,63E+07;2,12E+07;0.05734;0.65
Case 946;42;36.11;6.689;2650;1.08e+004;8515;8,73E+07;2,13E+07;0.05713;0.6509
Case 947;42;36.11;8.017;2648;1.08e+004;8354;8,83E+07;2,13E+07;0.05693;0.6517
Case 948;42;36.11;9.344;2647;1.08e+004;8192;8,93E+07;2,13E+07;0.05672;0.6526
Case 949;42;36.11;10.67;2646;1.08e+004;8031;9,03E+07;2,13E+07;0.05652;0.6535
Case 950;42;36.11;12;2645;1.08e+004;7871;9,13E+07;2,14E+07;0.05631;0.6543
Case 951;42;38.89;0.05;2661;1,08E+07;9331;8,22E+07;2,11E+07;0.05854;0.6456
Case 952;42;38.89;1.378;2660;1,08E+07;9167;8,32E+07;2,11E+07;0.05834;0.6464
Case 953;42;38.89;2.706;2659;1,08E+07;9004;8,42E+07;2,12E+07;0.05814;0.6472
Case 954;42;38.89;4.033;2657;1,08E+07;8841;8,52E+07;2,12E+07;0.05793;0.648
Case 955;42;38.89;5.361;2656;1.08e+004;8679;8,62E+07;2,12E+07;0.05773;0.6488
Case 956;42;38.89;6.689;2655;1.08e+004;8517;8,72E+07;2,12E+07;0.05752;0.6496
Case 957;42;38.89;8.017;2654;1.08e+004;8355;8,82E+07;2,13E+07;0.05732;0.6505
Case 958;42;38.89;9.344;2652;1.08e+004;8194;8,92E+07;2.13e+004;0.05711;0.6513
Case 959;42;38.89;10.67;2651;1.08e+004;8033;9,02E+07;2,13E+07;0.05691;0.6521
Case 960;42;38.89;12;2650;1.08e+004;7872;9,12E+07;2,14E+07;0.05671;0.653
Case 961;42;41.67;0.05;2667;1,08E+07;9331;8,21E+07;2.11e+004;0.05892;0.6444
Case 962;42;41.67;1.378;2665;1,08E+07;9168;8,31E+07;2,11E+07;0.05873;0.6452
Case 963;42;41.67;2.706;2664;1,08E+07;9005;8,41E+07;2,12E+07;0.05853;0.646
Case 964;42;41.67;4.033;2663;1,08E+07;8842;8,51E+07;2,12E+07;0.05832;0.6468
Case 965;42;41.67;5.361;2661;1,08E+07;8680;8,61E+07;2,12E+07;0.05812;0.6476
Case 966;42;41.67;6.689;2660;1.08e+004;8518;8,71E+07;2,12E+07;0.05792;0.6484
Case 967;42;41.67;8.017;2659;1.08e+004;8356;8,81E+07;2,13E+07;0.05771;0.6492
Case 968;42;41.67;9.344;2658;1.08e+004;8195;8,91E+07;2,13E+07;0.05751;0.65
Case 969;42;41.67;10.67;2656;1.08e+004;8035;9,01E+07;2,13E+07;0.05731;0.6508
Case 970;42;41.67;12;2655;1.08e+004;7874;9,11E+07;2,13E+07;0.05712;0.6516
Case 971;42;44.44;0.05;2672;1,08E+07;9332;8,19E+07;2,11E+07;0.05932;0.6432
Case 972;42;44.44;1.378;2670;1,08E+07;9168;8,29E+07;2,11E+07;0.05912;0.644
Case 973;42;44.44;2.706;2669;1,08E+07;9006;8,40E+07;2,12E+07;0.05892;0.6448
Case 974;42;44.44;4.033;2668;1,08E+07;8843;8,50E+07;2,12E+07;0.05872;0.6456
Case 975;42;44.44;5.361;2667;1,08E+07;8681;8,60E+07;2.12e+004;0.05852;0.6464
Case 976;42;44.44;6.689;2665;1,08E+07;8519;8,70E+07;2,12E+07;0.05831;0.6472
Case 977;42;44.44;8.017;2664;1,08E+07;8358;8,80E+07;2,13E+07;0.05811;0.6479
Case 978;42;44.44;9.344;2663;1.08e+004;8197;8,90E+07;2,13E+07;0.05792;0.6487
Case 979;42;44.44;10.67;2661;1.08e+004;8036;9,00E+07;2.13e+004;0.05772;0.6495
Case 980;42;44.44;12;2660;1.08e+004;7876;9,09E+07;2,13E+07;0.05753;0.6503
Case 981;42;47.22;0.05;2677;1,08E+07;9332;8,18E+07;2,11E+07;0.05971;0.6421
Case 982;42;47.22;1.378;2676;1,08E+07;9169;8,28E+07;2,11E+07;0.05951;0.6428
Case 983;42;47.22;2.706;2674;1,08E+07;9006;8,38E+07;2,11E+07;0.05932;0.6436
Case 984;42;47.22;4.033;2673;1,08E+07;8844;8,48E+07;2,12E+07;0.05912;0.6443
Case 985;42;47.22;5.361;2672;1,08E+07;8682;8,58E+07;2,12E+07;0.05892;0.6451
Case 986;42;47.22;6.689;2671;1,08E+07;8521;8,68E+07;2,12E+07;0.05872;0.6459
Case 987;42;47.22;8.017;2669;1,08E+07;8359;8,78E+07;2,12E+07;0.05852;0.6467
Case 988;42;47.22;9.344;2668;1,08E+07;8198;8,88E+07;2,13E+07;0.05833;0.6474
Case 989;42;47.22;10.67;2667;1,08E+07;8038;8,98E+07;2,13E+07;0.05814;0.6482
Case 990;42;47.22;12;2665;1.08e+004;7878;9,08E+07;2,13E+07;0.05795;0.6489
Case 991;42;50;0.05;2682;1,08E+07;9333;8,17E+07;2,11E+07;0.06011;0.6409
Case 992;42;50;1.378;2681;1,08E+07;9170;8,27E+07;2,11E+07;0.05992;0.6416
Case 993;42;50;2.706;2680;1,08E+07;9007;8,37E+07;2,11E+07;0.05972;0.6424
Case 994;42;50;4.033;2678;1,08E+07;8845;8,47E+07;2,12E+07;0.05952;0.6431
Case 995;42;50;5.361;2677;1,08E+07;8683;8,57E+07;2,12E+07;0.05932;0.6439
Case 996;42;50;6.689;2676;1,08E+07;8522;8,67E+07;2,12E+07;0.05913;0.6446
Case 997;42;50;8.017;2674;1,08E+07;8361;8,77E+07;2,12E+07;0.05893;0.6454
Case 998;42;50;9.344;2673;1,08E+07;8200;8,87E+07;2,13E+07;0.05874;0.6461
Case 999;42;50;10.67;2672;1,08E+07;8039;8,97E+07;2,13E+07;0.05856;0.6469
Case 1000;42;50;12;2671;1,08E+07;7879;9,07E+07;2.13e+004;0.05838;0.6476
